Policy_id,Source_des,Title,Description,Keywords,Note,Year_from,Year_to,Goals,Subgoals,Ultimate_beneficiaries,Instruments,Primary_targets,Countries,Geoscopes,Formulators,links,publications,search_text,nutrition_relevant
562,Other,"‘Farm to fork’ strategy for a fair, healthy and environmentally friendly food system","This Communication from the European Commission sets out the ‘Farm to fork’ strategy which aims to accelerate the EU’s transition to a sustainable food system that: has a neutral or positive environmental impact; helps to mitigate climate change and adapt to its impacts; reverses the loss of biodiversity; ensures food security, nutrition and public health, making sure that everyone has access to sufficient, safe, nutritious and sustainable food; preserves affordability of food while generating fairer economic returns, fostering competitiveness of the EU supply sector and promoting fair trade.",food security; sustainability; environment; foodstuff; biodiversity; climate change; health,,2020.0,,Reduced environmental impact,Multiple subgoals,Society at large,Information measure,Education sector |  Food industry |,EU,Supra-national,EC,https://eur-lex.europa.eu/legal-content/EN/TXT/?uri=celex%3A52020DC0381,,"‘farm to fork’ strategy for a fair, healthy and environmentally friendly food system this communication from the european commission sets out the ‘farm to fork’ strategy which aims to accelerate the eu’s transition to a sustainable food system that: has a neutral or positive environmental impact; helps to mitigate climate change and adapt to its impacts; reverses the loss of biodiversity; ensures food security, nutrition and public health, making sure that everyone has access to sufficient, safe, nutritious and sustainable food; preserves affordability of food while generating fairer economic returns, fostering competitiveness of the eu supply sector and promoting fair trade. food security; sustainability; environment; foodstuff; biodiversity; climate change; health reduced environmental impact multiple subgoals",True
380,Other,2000/29/EC on protective measures against the introduction into the Community of organisms harmful to plants or plant products and against their spread within the Community,"Measures aim to protect crops, fruits, vegetables, flowers, ornamentals and forests from harmful pests and diseases (harmful organisms) by preventing their introduction into the EU or their spread within the EU.",sustainability; agriculture; horticulture; health; plant; forest;,,2000.0,2000.0,Reduced environmental impact,Plant health,Farmers,Border measure,Import/export companies,EU,Supra-national,EC - DG Sante,https://ec.europa.eu/food/plant/plant_health_biosecurity_en |  https://eur-lex.europa.eu/legal-content/EN/TXT/?uri=CELEX:32000L0029 | ,,"2000/29/ec on protective measures against the introduction into the community of organisms harmful to plants or plant products and against their spread within the community measures aim to protect crops, fruits, vegetables, flowers, ornamentals and forests from harmful pests and diseases (harmful organisms) by preventing their introduction into the eu or their spread within the eu. sustainability; agriculture; horticulture; health; plant; forest; reduced environmental impact plant health",True
391,Other,2002/55/EC on the marketing of vegetable seed,"This Directive shall apply to the production with a view to marketing, and to the marketing, of vegetable seed within the Community.",DUS; distinctness; uniformity; stability; novelty; value; cultivation; variety; crop; certification; commerce; import; export; exchange; homogeneity; traceability;,,2002.0,2002.0,Viable and socially balanced EU agri-food business,Market regulation,Farmers,Regulation and self-regulation,Input suppliers,EU,Supra-national,EC - DG Sante,https://ec.europa.eu/food/plant/plant_propagation_material/legislation/eu_marketing_requirements_en |  https://eur-lex.europa.eu/legal-content/EN/ALL/?uri=CELEX:32002L0055 | ,,"2002/55/ec on the marketing of vegetable seed this directive shall apply to the production with a view to marketing, and to the marketing, of vegetable seed within the community. dus; distinctness; uniformity; stability; novelty; value; cultivation; variety; crop; certification; commerce; import; export; exchange; homogeneity; traceability; viable and socially balanced eu agri-food business market regulation",True
392,Other,"2008/72/EC on the marketing of vegetable propagating and planting material, other than seed","This Directive shall apply to the marketing of vegetable propagating and planting materials, other than seeds, within the Community.",DUS; distinctness; uniformity; stability; novelty; value; cultivation; variety; crop; certification; commerce; import; export; exchange; homogeneity; traceability;,,2008.0,2008.0,Viable and socially balanced EU agri-food business,Market regulation,Farmers,Regulation and self-regulation,Input suppliers,EU,Supra-national,EC - DG Sante,https://ec.europa.eu/food/plant/plant_propagation_material/legislation/eu_marketing_requirements_en |  https://eur-lex.europa.eu/legal-content/EN/ALL/?uri=CELEX:32008L0072 | ,,"2008/72/ec on the marketing of vegetable propagating and planting material, other than seed this directive shall apply to the marketing of vegetable propagating and planting materials, other than seeds, within the community. dus; distinctness; uniformity; stability; novelty; value; cultivation; variety; crop; certification; commerce; import; export; exchange; homogeneity; traceability; viable and socially balanced eu agri-food business market regulation",True
390,Other,2008/90/EC on the marketing of fruit plant propagating material and fruit plants intended for fruit production,This Directive shall apply to the marketing of fruit plant propagating material and fruit plants intended for fruit production within the Community.,DUS; distinctness; uniformity; stability; novelty; value; cultivation; variety; crop; certification; commerce; import; export; exchange; homogeneity; traceability;,,2008.0,2008.0,Viable and socially balanced EU agri-food business,Market regulation,Farmers,Regulation and self-regulation,Input suppliers,EU,Supra-national,EC - DG Sante,https://ec.europa.eu/food/plant/plant_propagation_material/legislation/eu_marketing_requirements_en |  https://eur-lex.europa.eu/legal-content/EN/ALL/?uri=CELEX:32008L0090 | ,,2008/90/ec on the marketing of fruit plant propagating material and fruit plants intended for fruit production this directive shall apply to the marketing of fruit plant propagating material and fruit plants intended for fruit production within the community. dus; distinctness; uniformity; stability; novelty; value; cultivation; variety; crop; certification; commerce; import; export; exchange; homogeneity; traceability; viable and socially balanced eu agri-food business market regulation,True
374,Other,2015/412 regarding the possibility for the Member States to restrict or prohibit the cultivation of genetically modified organisms (GMOs) in their territory,"Member States in which GMOs are cultivated shall take appropriate measures in border areas of their territory with the aim of avoiding possible cross-border contamination into neighbouring Member States in which the cultivation of those GMOs is prohibited, unless such measures are unnecessary in the light of particular geographical conditions.",health; environment; labelling; traceability; food; nutrition; transport; import; trade; ban;,,2015.0,2015.0,Food safety,Reduced economic and social burden of food-borne diseases,Consumers,Regulation and self-regulation,Farmers,EU,Supra-national,EC - DG Sante,https://ec.europa.eu/food/plant/gmo/legislation_en |  https://eur-lex.europa.eu/legal-content/EN/TXT/?uri=CELEX:32015L0412 | ,,"2015/412 regarding the possibility for the member states to restrict or prohibit the cultivation of genetically modified organisms (gmos) in their territory member states in which gmos are cultivated shall take appropriate measures in border areas of their territory with the aim of avoiding possible cross-border contamination into neighbouring member states in which the cultivation of those gmos is prohibited, unless such measures are unnecessary in the light of particular geographical conditions. health; environment; labelling; traceability; food; nutrition; transport; import; trade; ban; food safety reduced economic and social burden of food-borne diseases",True
28,Nourishing,5 a day,"The 5 A Day campaign is based on advice from the World Health Organization, which recommends eating a minimum of 400g of fruit and vegetables a day to lower the risk of serious health problems, such as heart disease, stroke and some cancers.",WHO; fruit; vegetable; health; portion; vitamins; micronutrients; school; diet; recommendation;,,2003.0,2003.0,Balanced and sufficient diets for all EU citizens,Reduced economic and social burden of diet related diseases,Consumers,Information measure,Media,Germany,National,"German Federal Ministry of Health, Federal Ministry of Food and Agriculture",https://www.5amtag.de/,,"5 a day the 5 a day campaign is based on advice from the world health organization, which recommends eating a minimum of 400g of fruit and vegetables a day to lower the risk of serious health problems, such as heart disease, stroke and some cancers. who; fruit; vegetable; health; portion; vitamins; micronutrients; school; diet; recommendation; balanced and sufficient diets for all eu citizens reduced economic and social burden of diet related diseases",True
29,Nourishing,5 a day,"The 5 A Day campaign is based on advice from the World Health Organization, which recommends eating a minimum of 400g of fruit and vegetables a day to lower the risk of serious health problems, such as heart disease, stroke and some cancers.",WHO; fruit; vegetable; health; portion; vitamins; micronutrients; school; diet; recommendation;,,2003.0,2003.0,Balanced and sufficient diets for all EU citizens,Reduced economic and social burden of diet related diseases,Consumers,Information measure,Media,UK,National,UK Public Health England,https://www.gov.uk/government/publications/government-5-a-day-logo |  https://www.nhs.uk/Livewell/5ADAY/Pages/5ADAYhome.aspx | ,,"5 a day the 5 a day campaign is based on advice from the world health organization, which recommends eating a minimum of 400g of fruit and vegetables a day to lower the risk of serious health problems, such as heart disease, stroke and some cancers. who; fruit; vegetable; health; portion; vitamins; micronutrients; school; diet; recommendation; balanced and sufficient diets for all eu citizens reduced economic and social burden of diet related diseases",True
30,Nourishing,6 a day,The official Dietary Council recommends that we eat 6 pieces of fruit and vegetables a day,WHO; fruit; vegetable; health; portion; vitamins; micronutrients; school; diet; recommendation;,,2001.0,2001.0,Balanced and sufficient diets for all EU citizens,Reduced economic and social burden of diet related diseases,Consumers,Information measure,Media,Denmark,National,Danish Food Administration,http://altomkost.dk/deofficielleanbefalingertilensundlivsstil/de-officielle-kostraad/spis-frugt-og-mange-groensager/hvad-taeller-med-i-6-om-dagen/,,6 a day the official dietary council recommends that we eat 6 pieces of fruit and vegetables a day who; fruit; vegetable; health; portion; vitamins; micronutrients; school; diet; recommendation; balanced and sufficient diets for all eu citizens reduced economic and social burden of diet related diseases,True
456,Other,Act on Food Safety and Nutrition,"This Act establishes: sanitary requirements applicable to food; hygienic conditions to be fulfilled by foodstuffs as well as materials and products intended to come into contact with food; properties of institutions responsible for the official control of food, pursuant to Regulation (EC) No. 882/2004; provisions on food inspection. According to the Polish Federation of Food Banks, this Act is transposed in a more rigid way than the actual EU legislation. Also, in the light of Art. 52, it is unacceptable to donate food after the expiry period (‘use by’) or minimum durability date (‘best before’).",donation; durability; hygiene; expiry date; foodstuff; safety; health,,2006.0,,Food safety,Reduced economic and social burden of food-borne diseases,Consumers,Regulation and self-regulation,Food services,Poland,National,Polish Government,https://leap.unep.org/en/countries/pl/national-legislation/act-safety-food-and-nutrition,,"act on food safety and nutrition this act establishes: sanitary requirements applicable to food; hygienic conditions to be fulfilled by foodstuffs as well as materials and products intended to come into contact with food; properties of institutions responsible for the official control of food, pursuant to regulation (ec) no. 882/2004; provisions on food inspection. according to the polish federation of food banks, this act is transposed in a more rigid way than the actual eu legislation. also, in the light of art. 52, it is unacceptable to donate food after the expiry period (‘use by’) or minimum durability date (‘best before’). donation; durability; hygiene; expiry date; foodstuff; safety; health food safety reduced economic and social burden of food-borne diseases",True
110,Nourishing,Advertising of Food and Beverages addressed to Children - PAOS code,Code of self-regulation of food and drink advertisement aimed at minors for prevention of obesity and health,obesity; overweight; malnutrition; health; WHO; children; beverage; soda; drink; media; advertisement;,,2005.0,2005.0,Balanced and sufficient diets for all EU citizens,Reduced economic and social burden of diet related diseases,Consumers,Regulation and self-regulation,Media,Spain,National,Spanish Ministry of Health and Consumer Affairs,https://www.aesan.gob.es/AECOSAN/docs/documentos/nutricion/Codigo_PAOS_2005_ingles.pdf,,advertising of food and beverages addressed to children - paos code code of self-regulation of food and drink advertisement aimed at minors for prevention of obesity and health obesity; overweight; malnutrition; health; who; children; beverage; soda; drink; media; advertisement; balanced and sufficient diets for all eu citizens reduced economic and social burden of diet related diseases,True
124,SCAR,Agri-tech catalyst,"Funding for collaborative projects, taking innovative ideas from any sector or discipline to tackle challenges in agriculture. Agri-tech Catalyst funding scheme helps businesses and researchers commercialise their research and develop innovative solutions to global challenges in the agri-tech sector.",innovation; developing countries; intensification; sustainable; aquaculture; crop; livestock; non-food; security; nutrition; development; processing; aid; incentive; fund; grant;,,2015.0,2015.0,Equitable outcomes and conditions,Global FNS,Third countries,R&I economic,Industry-based research,UK,National,UK Department for International Development,https://www.gov.uk/international-development-funding/the-agri-tech-catalyst,,"agri-tech catalyst funding for collaborative projects, taking innovative ideas from any sector or discipline to tackle challenges in agriculture. agri-tech catalyst funding scheme helps businesses and researchers commercialise their research and develop innovative solutions to global challenges in the agri-tech sector. innovation; developing countries; intensification; sustainable; aquaculture; crop; livestock; non-food; security; nutrition; development; processing; aid; incentive; fund; grant; equitable outcomes and conditions global fns",True
506,Nourishing,Awards for good measures in the Partnership for a Healthier Diet,"In 2020, the Minister of Health and Care Services has announced two awards for good measures in the Partnership for a Healthier Diet (see ""S–Improve nutritional quality of the whole food supply""). Awards are given for two categories: one award for healthier products; and one award for healthier marketing. Criteria for the healthier product awards are innovation, reformulation, process improvement, portion and pack sizes, or development of new products. Criteria for the healthier marketing awards are measures to promote healthier alternatives and options to influence consumer behaviour around health and diet. The measures includes communication and marketing strategies, pricing instruments and product placement in stores, kiosks and restaurants.",nutrition; innovation; health; food supply,,2020.0,,Balanced and sufficient diets for all EU citizens,Reduced economic and social burden of diet related diseases,Society at large,R&I economic,Consumers |  Food industry |  Food services |,Norway,National,Norwegian Ministry of Health and Care Services,https://www.helsedirektoratet.no/english/partnership-for-a-healthier-diet,,"awards for good measures in the partnership for a healthier diet in 2020, the minister of health and care services has announced two awards for good measures in the partnership for a healthier diet (see ""s–improve nutritional quality of the whole food supply""). awards are given for two categories: one award for healthier products; and one award for healthier marketing. criteria for the healthier product awards are innovation, reformulation, process improvement, portion and pack sizes, or development of new products. criteria for the healthier marketing awards are measures to promote healthier alternatives and options to influence consumer behaviour around health and diet. the measures includes communication and marketing strategies, pricing instruments and product placement in stores, kiosks and restaurants. nutrition; innovation; health; food supply balanced and sufficient diets for all eu citizens reduced economic and social burden of diet related diseases",True
83,Nourishing,Ban on selling Energy Drinks to Minors,Law that prohibits the sale of energy drinks to children under the age of 18 years .,WHO; non-communicable diseases; NCD; health; breastfeeding; school; children; obesity; soda;,,2014.0,2014.0,Balanced and sufficient diets for all EU citizens,Reduced economic and social burden of diet related diseases,Consumers,Regulation and self-regulation,Food industry,Lithuania,National,Lithuanian Ministry of Health,https://www.urm.lt/default/en/news/lithuania-to-ban-sale-of-energy-drinks-to-minors-the-times-of-india-oct-15-2014,,ban on selling energy drinks to minors law that prohibits the sale of energy drinks to children under the age of 18 years . who; non-communicable diseases; ncd; health; breastfeeding; school; children; obesity; soda; balanced and sufficient diets for all eu citizens reduced economic and social burden of diet related diseases,True
84,Nourishing,"Basic Requirements and Certain Restrictions of Commercial Advertising Activities (Act XLVIII, article 8)","Advertising activities shall be prohibited in a dormitory which provides primary care and pre-school child care facilities, kindergarten, elementary school and primary school pupils.",self-regulation; health; minors; school; soda; health; junk; processed;,,2008.0,2008.0,Balanced and sufficient diets for all EU citizens,Reduced economic and social burden of diet related diseases,Consumers,Information measure,Education sector,Hungary,National,Hungarian Government,https://www.gvh.hu/data/cms998396/jogihatter_jogszab_gyujt_Grtv_2008_m%C3%B3d_09_4_jav.pdf,,"basic requirements and certain restrictions of commercial advertising activities (act xlviii, article 8) advertising activities shall be prohibited in a dormitory which provides primary care and pre-school child care facilities, kindergarten, elementary school and primary school pupils. self-regulation; health; minors; school; soda; health; junk; processed; balanced and sufficient diets for all eu citizens reduced economic and social burden of diet related diseases",True
24,Nourishing,Beverage recommendations,"Recommendations for beverages for children and adolescents, adults and older people.",alcohol; water; coffee; tea; soda; drink; juice; milk; health; diet;,,2009.0,2009.0,Balanced and sufficient diets for all EU citizens,Reduced economic and social burden of diet related diseases,Consumers,Information measure,Media,Finland,National,Finnish national nutrition council,https://www.ruokavirasto.fi/en/foodstuffs/healthy-diet/nutrition-and-food-recommendations/,,"beverage recommendations recommendations for beverages for children and adolescents, adults and older people. alcohol; water; coffee; tea; soda; drink; juice; milk; health; diet; balanced and sufficient diets for all eu citizens reduced economic and social burden of diet related diseases",True
197,SCAR,Bilateral Trust Fund with the FAO,The aim of the projects is to assist states in ensuring a qualitatively and quantitatively balanced diet of each individual.,food security; ONU; United Nations; agriculture; rural; payment; grant; aid; incentive;,,2002.0,2002.0,Equitable outcomes and conditions,Global FNS,Third countries,R&I economic,Research sector,Germany,National,German Federal Ministry of Food and Agriculture,https://www.bmel.de/DE/Landwirtschaft/Welternaehrung/_Texte/Ernaehrungssicherungsprojekte.html,,bilateral trust fund with the fao the aim of the projects is to assist states in ensuring a qualitatively and quantitatively balanced diet of each individual. food security; onu; united nations; agriculture; rural; payment; grant; aid; incentive; equitable outcomes and conditions global fns,True
42,Nourishing,Catering standards for schools,"Catering standards for pre-schools, secondary schools and children's social care institutions.",infant; diet; nutrition; canteen; school meal; food services; recommendation;,,2011.0,2011.0,Balanced and sufficient diets for all EU citizens,Reduced economic and social burden of diet related diseases,Consumers,Regulation and self-regulation,School food services,Lithuania,National,Lithuanian Ministry of Health,https://www.e-tar.lt/portal/lt/legalAct/TAR.3B14F18E2B3C/YIUsixwNLj,,"catering standards for schools catering standards for pre-schools, secondary schools and children's social care institutions. infant; diet; nutrition; canteen; school meal; food services; recommendation; balanced and sufficient diets for all eu citizens reduced economic and social burden of diet related diseases",True
27,Nourishing,Change4life & Start4life campaigns,Health program for preventing childhood obesity.,sugar; diet; breakfast; parents; fat; salt; processed; health;,,2009.0,2009.0,Balanced and sufficient diets for all EU citizens,Reduced economic and social burden of diet related diseases,Consumers,Information measure,Media,UK,National,UK National health service,https://www.gov.uk/government/news/new-change4life-campaign-encourages-parents-to-be-food-smart |  https://www.nhs.uk/change4life |  https://www.nhs.uk/start4life | ,,change4life & start4life campaigns health program for preventing childhood obesity. sugar; diet; breakfast; parents; fat; salt; processed; health; balanced and sufficient diets for all eu citizens reduced economic and social burden of diet related diseases,True
20,Nourishing,Change4Life convenience stores programme,"intervention to improve provision of fresh fruit and vegetables in convenience stores in deprived, urban areas in England with poor existing retail access to fresh fruit and vegetables. Convenience stores received support to help them redesign the layout of the store",food desert; access; availability; deprived areas; supermarket; purchase; consumers; consumption;,,2008.0,2008.0,Balanced and sufficient diets for all EU citizens,Reduced economic and social burden of diet related diseases,Consumers,Income support,Food industry,UK,National,"English Department of Health, Association of Convenience Stores",https://www.gov.uk/government/publications/change4life-convenience-stores-evaluation-report,,"change4life convenience stores programme intervention to improve provision of fresh fruit and vegetables in convenience stores in deprived, urban areas in england with poor existing retail access to fresh fruit and vegetables. convenience stores received support to help them redesign the layout of the store food desert; access; availability; deprived areas; supermarket; purchase; consumers; consumption; balanced and sufficient diets for all eu citizens reduced economic and social burden of diet related diseases",True
46,Nourishing,"Charges on chocolate, sugar confectionery and sugar, Tax on non-alcoholic beverages (3.16, 3.17, 3.4)",This regulation applies to fees levied pursuant to the Act of 19 May 1933 No. 11 on excise duties.,soda; drink; disincentive; tax; processed; health;,,2001.0,2020.0,Balanced and sufficient diets for all EU citizens,Reduced economic and social burden of diet related diseases,Consumers,Fiscal policy,Food industry,Norway,National,Norwegian Ministry of Finance,https://lovdata.no/dokument/SF/forskrift/2001-12-11-1451?q=s%C3%A6ravgiftsforskriften#KAPITTEL_3 |  https://www.skatteetaten.no/en/business-and-organisation/vat-and-duties/excise-duties/about-the-excise-duties/sugar/ |  https://www.skatteetaten.no/globalassets/bedrift-og-organisasjon/avgifter/saravgifter/sukker/2020-sukker-ii-juli.pdf | ,,"charges on chocolate, sugar confectionery and sugar, tax on non-alcoholic beverages (3.16, 3.17, 3.4) this regulation applies to fees levied pursuant to the act of 19 may 1933 no. 11 on excise duties. soda; drink; disincentive; tax; processed; health; balanced and sufficient diets for all eu citizens reduced economic and social burden of diet related diseases",True
93,Nourishing,Charters of voluntary commitments of nutritional progress,validation by the public authorities of voluntary commitments taken by a company of the food field mainly concerned with the improvement of the nutritional quality of food products that it puts on the market.,self-regulation; salt; sugar; fat; fiber; consumer; diet; sale;,,2013.0,2013.0,Balanced and sufficient diets for all EU citizens,Reduced economic and social burden of diet related diseases,Consumers,Food and agricultural standards (voluntary),Food industry,France,National,French ministry of solidarity and health,https://www.oqali.fr/Publications-Oqali/Etudes-transversales,,charters of voluntary commitments of nutritional progress validation by the public authorities of voluntary commitments taken by a company of the food field mainly concerned with the improvement of the nutritional quality of food products that it puts on the market. self-regulation; salt; sugar; fat; fiber; consumer; diet; sale; balanced and sufficient diets for all eu citizens reduced economic and social burden of diet related diseases,True
14,Nourishing,Children's commercial communications code,"It deals with advertising, sponsorship, product placement and other forms of commercial promotion aimed at children or broadcast in or around children’s programming.  It includes rules on the promotion to children of food that is high in fat, salt or sugar.",advertisement; media; television; children; awareness; knowledge; health;,,2013.0,2013.0,Balanced and sufficient diets for all EU citizens,Reduced economic and social burden of diet related diseases,Consumers,Regulation and self-regulation,Media,Ireland,National,Broadcasting Authority of Ireland,http://www.bai.ie/en/bai-issues-rules-on-food-advertising-to-children/ |  http://www.bai.ie/en/codes-standards/#al-block-5 | ,,"children's commercial communications code it deals with advertising, sponsorship, product placement and other forms of commercial promotion aimed at children or broadcast in or around children’s programming.  it includes rules on the promotion to children of food that is high in fat, salt or sugar. advertisement; media; television; children; awareness; knowledge; health; balanced and sufficient diets for all eu citizens reduced economic and social burden of diet related diseases",True
2,Nourishing,Choices logo,the voluntary logo identifies healthier options in each food category,WHO; obesity; NCDs; undernourishment; diet; health; guidelines;,,2006.0,2006.0,Balanced and sufficient diets for all EU citizens,Reduced economic and social burden of diet related diseases,Consumers,Labelling measure,Food industry,Belgium |  Czech Republic |  Netherlands |  Poland |,Supra-national,Choices International Foundation,https://www.choicesprogramme.org/,,choices logo the voluntary logo identifies healthier options in each food category who; obesity; ncds; undernourishment; diet; health; guidelines; balanced and sufficient diets for all eu citizens reduced economic and social burden of diet related diseases,True
510,Nourishing,Clinical Guidance for Obesity Prevention,"Health professionals are expected to fully take into account the Clinical Guidance for Obesity Prevention (CG43), published by National Institute for Health and Care Excellence (NICE) in 2006 and last updated in 2015 (CG189). According to this guidance, all health professionals should discuss weight, diet and activity with people at times when weight gain is more likely, such as during and after pregnancy, the menopause and while stopping smoking. Further, all actions aimed at preventing excess weight gain and improving diet (including reducing energy intake) and activity levels in children and young people should actively involve parents and carers. Interventions to improve diet (and reduce energy intake) should be multicomponent (for example, including dietary modification, targeted advice, family involvement and goal setting), be tailored to the individual and provide ongoing support. Interventions may include promotional, awareness-raising activities, but these should be part of a long-term, multicomponent intervention rather than one-off activities (and should be accompanied by targeted follow-up with different population groups).",prevention; obesity; diet; physical activity,,2006.0,,Balanced and sufficient diets for all EU citizens,Reduced economic and social burden of diet related diseases,Society at large |  Consumers |,Information measure,Public Authorities,UK |  UK-Wales |,National,NATIONAL INSTITUTE FOR HEALTH AND CARE EXCELLENCE (NICE),https://www.nice.org.uk/guidance/cg43/resources/obesity-prevention-pdf-975445344709,,"clinical guidance for obesity prevention health professionals are expected to fully take into account the clinical guidance for obesity prevention (cg43), published by national institute for health and care excellence (nice) in 2006 and last updated in 2015 (cg189). according to this guidance, all health professionals should discuss weight, diet and activity with people at times when weight gain is more likely, such as during and after pregnancy, the menopause and while stopping smoking. further, all actions aimed at preventing excess weight gain and improving diet (including reducing energy intake) and activity levels in children and young people should actively involve parents and carers. interventions to improve diet (and reduce energy intake) should be multicomponent (for example, including dietary modification, targeted advice, family involvement and goal setting), be tailored to the individual and provide ongoing support. interventions may include promotional, awareness-raising activities, but these should be part of a long-term, multicomponent intervention rather than one-off activities (and should be accompanied by targeted follow-up with different population groups). prevention; obesity; diet; physical activity balanced and sufficient diets for all eu citizens reduced economic and social burden of diet related diseases",True
511,Nourishing,Clinical Guidance for Obesity Prevention (Update 2015),"Health professionals are expected to fully take into account the Clinical Guidance for Obesity Prevention (CG43), published by National Institute for Health and Care Excellence (NICE) in 2006 and last updated in 2015 (CG189). According to this guidance, all health professionals should discuss weight, diet and activity with people at times when weight gain is more likely, such as during and after pregnancy, the menopause and while stopping smoking. Further, all actions aimed at preventing excess weight gain and improving diet (including reducing energy intake) and activity levels in children and young people should actively involve parents and carers. Interventions to improve diet (and reduce energy intake) should be multicomponent (for example, including dietary modification, targeted advice, family involvement and goal setting), be tailored to the individual and provide ongoing support. Interventions may include promotional, awareness-raising activities, but these should be part of a long-term, multicomponent intervention rather than one-off activities (and should be accompanied by targeted follow-up with different population groups).",prevention; obesity; diet; physical activity,,2006.0,,Balanced and sufficient diets for all EU citizens,Reduced economic and social burden of diet related diseases,Consumers,Information measure,Public Authorities,UK |  UK-Wales |,National,NATIONAL INSTITUTE FOR HEALTH AND CARE EXCELLENCE (NICE),https://www.nice.org.uk/guidance/cg43/resources/obesity-prevention-pdf-975445344709,,"clinical guidance for obesity prevention (update 2015) health professionals are expected to fully take into account the clinical guidance for obesity prevention (cg43), published by national institute for health and care excellence (nice) in 2006 and last updated in 2015 (cg189). according to this guidance, all health professionals should discuss weight, diet and activity with people at times when weight gain is more likely, such as during and after pregnancy, the menopause and while stopping smoking. further, all actions aimed at preventing excess weight gain and improving diet (including reducing energy intake) and activity levels in children and young people should actively involve parents and carers. interventions to improve diet (and reduce energy intake) should be multicomponent (for example, including dietary modification, targeted advice, family involvement and goal setting), be tailored to the individual and provide ongoing support. interventions may include promotional, awareness-raising activities, but these should be part of a long-term, multicomponent intervention rather than one-off activities (and should be accompanied by targeted follow-up with different population groups). prevention; obesity; diet; physical activity balanced and sufficient diets for all eu citizens reduced economic and social burden of diet related diseases",True
105,Nourishing,Code of Broadcast Advertising,"CAP broadcast code covers issues including taste, decency and product placement. As well as setting standards about accuracy and honesty businesses must stick to, they also have rules about things like scheduling.",advertisement; teleshopping; claim; media; television; children; food supplements; health; medicines;,,2010.0,2010.0,Balanced and sufficient diets for all EU citizens,Reduced economic and social burden of diet related diseases,Consumers,Regulation and self-regulation,Media,UK,National,UK Advertising Standards Authority,https://www.asa.org.uk/asset/846F25EB-F474-47C1-AB3FF571E3DB5910.97855BAF-833F-4B75-9E10729E8807C7B8/ |  https://www.asa.org.uk/codes-and-rulings/advertising-codes/broadcast-code.html |  https://www.gov.uk/marketing-advertising-law/advertising-codes-of-practice | ,,"code of broadcast advertising cap broadcast code covers issues including taste, decency and product placement. as well as setting standards about accuracy and honesty businesses must stick to, they also have rules about things like scheduling. advertisement; teleshopping; claim; media; television; children; food supplements; health; medicines; balanced and sufficient diets for all eu citizens reduced economic and social burden of diet related diseases",True
49,Nourishing,Code of Excise Tax - tax on non alcoholic beverages,tax on beverages containing added sugar or other sweeteners,disincentive; soda; drink; soft drinks; health; regulation; WHO;,,2017.0,2017.0,Balanced and sufficient diets for all EU citizens,Reduced economic and social burden of diet related diseases,Consumers,Fiscal policy,Food industry,Portugal,National,"Portuguese Ministry of Health, Ministry of Finance",https://www.pwc.pt/pt/pwcinforfisco/codigos/ciec.html |  https://www.theguardian.com/society/2016/oct/15/portugal-to-levy-sugar-tax-on-soft-drinks-in-2017 | ,,code of excise tax - tax on non alcoholic beverages tax on beverages containing added sugar or other sweeteners disincentive; soda; drink; soft drinks; health; regulation; who; balanced and sufficient diets for all eu citizens reduced economic and social burden of diet related diseases,True
108,Nourishing,Code of Responsible Food Marketing communication to children,"The food, grocery and media and advertising industries have agreed on a voluntary code not to advertise foods with high levels of fat, sugar and salt in media aimed at children.",infant; diet; nutrition; disincentive; media; information; campaign; obesity; overweight;,,2014.0,2014.0,Balanced and sufficient diets for all EU citizens,Reduced economic and social burden of diet related diseases,Consumers,Regulation and self-regulation,Media,Denmark,National,Forum of Responsible Food Marketing Communication,https://kodeksforfoedevarereklamer.di.dk/Pages/forside.aspx |  https://kodeksforfoedevarereklamer.di.dk/SiteCollectionDocuments/Code%20with%20guide%20english%20october%202014%20-%20endelig1.pdf | ,,"code of responsible food marketing communication to children the food, grocery and media and advertising industries have agreed on a voluntary code not to advertise foods with high levels of fat, sugar and salt in media aimed at children. infant; diet; nutrition; disincentive; media; information; campaign; obesity; overweight; balanced and sufficient diets for all eu citizens reduced economic and social burden of diet related diseases",True
439,SCAR,Codex Alimentarius Hungaricus,National food regulation that contains specific product descriptions.,nutrition; diet;,,,,Food safety,Reduced economic and social burden of food-borne diseases,Consumers,Food and agricultural standards,Food industry,Hungary,National,Hungarian Ministry of Agriculture,https://www.fao.org/faolex/results/details/en/c/LEX-FAOC004452,,codex alimentarius hungaricus national food regulation that contains specific product descriptions. nutrition; diet; food safety reduced economic and social burden of food-borne diseases,True
231,SCAR,Collaboration plan for improving the composition of food and beverages,"Reformulation commitments of the Manufacturing and Distribution sectors, for various types of foods and beverages commonly consumed by children, Young people and families and the reduction of added sugars, salt and saturated fats.",snacks; beverage; drink; soda; meat; fruit; vegetables; milk; dairy; restaurant; vending; retail; catering; food services;,,2017.0,2020.0,Balanced and sufficient diets for all EU citizens,Reduced economic and social burden of diet related diseases,Consumers,Food and agricultural standards (voluntary),Food industry,Spain,National,"Spanish Ministry of Health, Social Services and Equality and Spanish Agency for Consumption, Food Safety and Nutrition - Aecosan",https://www.aesan.gob.es/AECOSAN/docs/documentos/nutricion/Plan_Colaboracion_INGLES.pdf |  https://www.aesan.gob.es/AECOSAN/web/nutricion/seccion/plan_colaboracion.htm | ,,"collaboration plan for improving the composition of food and beverages reformulation commitments of the manufacturing and distribution sectors, for various types of foods and beverages commonly consumed by children, young people and families and the reduction of added sugars, salt and saturated fats. snacks; beverage; drink; soda; meat; fruit; vegetables; milk; dairy; restaurant; vending; retail; catering; food services; balanced and sufficient diets for all eu citizens reduced economic and social burden of diet related diseases",True
533,Other,Commission Regulation (EC) No 2023/2006,"Commission Regulation (EC) No 2023/2006 entails: good manufacturing practice related to those aspects of quality assurance that ensure materials and articles conform to quality standards, do not endanger human health or cause an unacceptable change in the composition of the food; quality assurance system: organised and documented arrangements that ensure materials and articles meet the quality required.",food safety; labelling; foodstuff; health; transparency; composition; manufacturing; quality; food chain,,2008.0,,Food safety,Reduced economic and social burden of diet related diseases,Consumers,Regulation and self-regulation,Food industry,EU,Supra-national,EC,https://eur-lex.europa.eu/legal-content/EN/TXT/?uri=celex%3A32006R2023,,"commission regulation (ec) no 2023/2006 commission regulation (ec) no 2023/2006 entails: good manufacturing practice related to those aspects of quality assurance that ensure materials and articles conform to quality standards, do not endanger human health or cause an unacceptable change in the composition of the food; quality assurance system: organised and documented arrangements that ensure materials and articles meet the quality required. food safety; labelling; foodstuff; health; transparency; composition; manufacturing; quality; food chain food safety reduced economic and social burden of diet related diseases",True
74,Nourishing,Consensus document on food in educational centres,"The competent authorities will ensure that the meals served in schools are varied, balanced and adapted to the nutritional needs of each age group. They will be supervised by professionals with accredited training in human nutrition and dietetics.",nutrition; health; obesity; inequality; parents; local economy; attendance; local agriculture; provision; school meal; farmers; catering; canteen; procurement;,,2010.0,2010.0,Balanced and sufficient diets for all EU citizens,Reduced economic and social burden of diet related diseases,Consumers,Food and agricultural standards (voluntary),School food services,Spain,National,"Spanish Ministry of Education, Culture and Sport; Ministry of Health, Social Services and Equality",https://www.aesan.gob.es/AECOSAN/docs/documentos/nutricion/educanaos/Consensus_document.pdf,,"consensus document on food in educational centres the competent authorities will ensure that the meals served in schools are varied, balanced and adapted to the nutritional needs of each age group. they will be supervised by professionals with accredited training in human nutrition and dietetics. nutrition; health; obesity; inequality; parents; local economy; attendance; local agriculture; provision; school meal; farmers; catering; canteen; procurement; balanced and sufficient diets for all eu citizens reduced economic and social burden of diet related diseases",True
106,Nourishing,Consumer Ombudsman´s guidelines,"The primary aim is to supervise that the Consumer Protection Act and other laws passed to protect consumers are observed. Particular attention is paid to ensuring that marketing activities, contractual terms, and collection activities conform to the laws.",children; foodstuff; marketing; obesity; overweight; diet; advertising; recommendation; health;,,2004.0,2004.0,Balanced and sufficient diets for all EU citizens,Reduced economic and social burden of diet related diseases,Consumers,Regulation and self-regulation,Media,Finland,National,Finnish Competition and Consumer Authority,https://www.kkv.fi/en/about-us/the-consumer-ombudsman/ |  https://www.kkv.fi/en/decisions-and-publications/publications/consumer-ombudsmans-guidelines/by-trade/children-and-foodstuffs-marketing/ | ,,"consumer ombudsman´s guidelines the primary aim is to supervise that the consumer protection act and other laws passed to protect consumers are observed. particular attention is paid to ensuring that marketing activities, contractual terms, and collection activities conform to the laws. children; foodstuff; marketing; obesity; overweight; diet; advertising; recommendation; health; balanced and sufficient diets for all eu citizens reduced economic and social burden of diet related diseases",True
394,Other,Council Directive 2002/53/EC on the common catalogue of varieties of agricultural plant species,Each Member State shall establish one or more catalogues of the varieties officially accepted for certification and marketing in its territory. Any person may consult the catalogues.,DUS; distinctness; uniformity; stability; novelty; value; cultivation; variety; crop; certification; commerce; import; export; exchange; homogeneity; traceability; vegetable; resistance; harm; quality;,,2003.0,2003.0,Viable and socially balanced EU agri-food business,Market regulation,Farmers,Delivery of services,Public Authorities,EU,Supra-national,EC - DG Sante,https://ec.europa.eu/food/plant/plant_propagation_material/plant_variety_catalogues_databases_en |  https://eur-lex.europa.eu/legal-content/EN/ALL/?uri=CELEX:32002L0053 | ,,council directive 2002/53/ec on the common catalogue of varieties of agricultural plant species each member state shall establish one or more catalogues of the varieties officially accepted for certification and marketing in its territory. any person may consult the catalogues. dus; distinctness; uniformity; stability; novelty; value; cultivation; variety; crop; certification; commerce; import; export; exchange; homogeneity; traceability; vegetable; resistance; harm; quality; viable and socially balanced eu agri-food business market regulation,True
332,Other,Council Directive 2008/119/EC laying down minimum standards for the protection of calves,This Directive lays down the minimum standards for the protection of calves confined for rearing and fattening.,pens; feed; iron; fiber; intensive; farming; wellbeing; safety; prevention; health;,,2008.0,2008.0,Reduced environmental impact,Animal welfare,Society at large,Regulation and self-regulation,Farmers,EU,Supra-national,EC - DG Sante,https://ec.europa.eu/food/animals/welfare/practice/farm/calves_en |  https://eur-lex.europa.eu/legal-content/EN/ALL/?uri=CELEX:32008L0119 | ,,council directive 2008/119/ec laying down minimum standards for the protection of calves this directive lays down the minimum standards for the protection of calves confined for rearing and fattening. pens; feed; iron; fiber; intensive; farming; wellbeing; safety; prevention; health; reduced environmental impact animal welfare,True
331,Other,Council Directive 2008/120/EC laying down minimum standards for the protection of pigs,This Directive lays down the minimum standards for the protection of pigs confined for rearing and fattening.,pens; feed; iron; fiber; intensive; farming; wellbeing; safety; prevention; health;,,2008.0,2008.0,Reduced environmental impact,Animal welfare,Society at large,Regulation and self-regulation,Farmers,EU,Supra-national,EC - DG Sante,https://ec.europa.eu/food/animals/welfare/practice/farm/pigs_en |  https://eur-lex.europa.eu/legal-content/EN/TXT/?uri=CELEX:32008L0120 | ,,council directive 2008/120/ec laying down minimum standards for the protection of pigs this directive lays down the minimum standards for the protection of pigs confined for rearing and fattening. pens; feed; iron; fiber; intensive; farming; wellbeing; safety; prevention; health; reduced environmental impact animal welfare,True
523,Other,COUNCIL DIRECTIVE 2008/90/EC,Council Directive 2008/90/EC of 29 September 2008 on the marketing of fruit plant propagating material and fruit plants intended for fruit production (Recast version),marketing; fruit; health; good quality,,2008.0,,Food safety,Plant health |  Competitiveness |,Society at large,Regulation and self-regulation,Food industry,EU,Supra-national,EC,https://eur-lex.europa.eu/EN/legal-content/summary/eu-rules-for-the-marketing-of-fruit-plants.html?fromSummary=03 |  https://eur-lex.europa.eu/legal-content/EN/TXT/?uri=celex%3A32008L0090 | ,,council directive 2008/90/ec council directive 2008/90/ec of 29 september 2008 on the marketing of fruit plant propagating material and fruit plants intended for fruit production (recast version) marketing; fruit; health; good quality food safety plant health |  competitiveness |,True
645,Other,Decision 2000/500/EC,Decision 2000/500/EC authorises the placing on the market of 'yellow fat spreads with added phytosterol esters' as a novel food or novel food ingredient under Regulation (EC) No 258/97 of the European Parliament and of the Council.,food safety; health; environment; foodstuff; ingredient; novel food; fat; phytosterol,,2000.0,,Food safety,Reduced economic and social burden of food-borne diseases,Consumers |  Society at large |,Regulation and self-regulation,Consumers |  Food industry |,EU,Supra-national,EC,https://eur-lex.europa.eu/legal-content/EN/TXT/?uri=celex%3A32000D0500,,decision 2000/500/ec decision 2000/500/ec authorises the placing on the market of 'yellow fat spreads with added phytosterol esters' as a novel food or novel food ingredient under regulation (ec) no 258/97 of the european parliament and of the council. food safety; health; environment; foodstuff; ingredient; novel food; fat; phytosterol food safety reduced economic and social burden of food-borne diseases,True
642,Other,Decision 2004/336/EC,"Decision 2004/336/EC  authorises the placing on the market of yellow fat spreads, milk based fruit drinks, yoghurt type products and cheese type products with added phytosterols/phytostanols as novel foods or novel food ingredients under Regulation (EC) No 258/97 of the European Parliament and of the Council",food safety; health; foodstuff; ingredient; novel food; fat; milk; cheese; fruit; juice; phytosterol; phytostanol,,2004.0,,Food safety,Reduced economic and social burden of food-borne diseases,Consumers |  Society at large |,Regulation and self-regulation,Consumers |  Food industry |,EU,Supra-national,EC,https://eur-lex.europa.eu/legal-content/EN/TXT/?uri=celex%3A32004D0336,,"decision 2004/336/ec decision 2004/336/ec  authorises the placing on the market of yellow fat spreads, milk based fruit drinks, yoghurt type products and cheese type products with added phytosterols/phytostanols as novel foods or novel food ingredients under regulation (ec) no 258/97 of the european parliament and of the council food safety; health; foodstuff; ingredient; novel food; fat; milk; cheese; fruit; juice; phytosterol; phytostanol food safety reduced economic and social burden of food-borne diseases",True
464,Nourishing,"Decree of the Ministry of Education, Science, Research and Sports of the Slovak Republic no. 330/2009","Recommends limiting the sale of unhealthy food in school canteens and school vending machines
Requirements for facilities for children and youth, ""in a facility for children and youth, the operator must ensure that the assortment of goods in buffets, vending machines and other forms of ambulatory sales established within the facility for children and youth, which is available to pupils and children, was nutritionally valuable and did not contain, in particular, alcoholic beverages, beverages containing caffeine and quinine, and tobacco products.""",junk food; alcohol; coffee; tobacco; children; health; education; canteen; diet; vending machines,,2007.0,2009.0,Balanced and sufficient diets for all EU citizens,Reduced economic and social burden of diet related diseases,Consumers,Delivery of services,School food services,Slovakia,National,"Ministry of Education, Science, Research and Sports of the Slovak Republic",https://extranet.who.int/nutrition/gina/en/node/66543,,"decree of the ministry of education, science, research and sports of the slovak republic no. 330/2009 recommends limiting the sale of unhealthy food in school canteens and school vending machines
requirements for facilities for children and youth, ""in a facility for children and youth, the operator must ensure that the assortment of goods in buffets, vending machines and other forms of ambulatory sales established within the facility for children and youth, which is available to pupils and children, was nutritionally valuable and did not contain, in particular, alcoholic beverages, beverages containing caffeine and quinine, and tobacco products."" junk food; alcohol; coffee; tobacco; children; health; education; canteen; diet; vending machines balanced and sufficient diets for all eu citizens reduced economic and social burden of diet related diseases",True
473,Nourishing,DEIS Scheme,"As part of the Government scheme in 890 schools which is selected on the basis of a number of community characteristics, such as the concentration of unemployed households, households in local authority housing, traveller families, or large households. Schools need to apply for state funding and priority is given to DEIS schools (schools participating to the programme “delivering equality of opportunity in schools”). Schools are selected on the basis of a number of community characteristics (unemployment, households in local authority housing, Traveller, large households).",food aid; food assistance; social inclusion; school meal; income; support; children; household,,2022.0,,Balanced and sufficient diets for all EU citizens,Reduced economic and social burden of diet related diseases,Consumers,Education measure,School food services,Ireland,National,Irish government,https://www.gov.ie/en/publication/a3c9e-extension-of-deis-to-further-schools/#,,"deis scheme as part of the government scheme in 890 schools which is selected on the basis of a number of community characteristics, such as the concentration of unemployed households, households in local authority housing, traveller families, or large households. schools need to apply for state funding and priority is given to deis schools (schools participating to the programme “delivering equality of opportunity in schools”). schools are selected on the basis of a number of community characteristics (unemployment, households in local authority housing, traveller, large households). food aid; food assistance; social inclusion; school meal; income; support; children; household balanced and sufficient diets for all eu citizens reduced economic and social burden of diet related diseases",True
525,Other,Delegated Regulation (EU) 2016/127,Commission Delegated Regulation (EU) 2016/127 of 25 September 2015 supplementing Regulation (EU) No 609/2013 of the European Parliament and of the Council as regards the specific compositional and information requirements for infant formula and follow-on formula and as regards requirements on information relating to infant and young child feeding,vulnerable; population; protection; information; awareness; knowledge; labelling; composition; nutrition; formula; processing; baby food; diet; medicine; health;,,2015.0,,Food safety,Reduced economic and social burden of food-borne diseases,Consumers,Regulation and self-regulation,Food industry,EU,Supra-national,EC - DG Sante,https://eur-lex.europa.eu/eli/reg_del/2016/127/oj,,delegated regulation (eu) 2016/127 commission delegated regulation (eu) 2016/127 of 25 september 2015 supplementing regulation (eu) no 609/2013 of the european parliament and of the council as regards the specific compositional and information requirements for infant formula and follow-on formula and as regards requirements on information relating to infant and young child feeding vulnerable; population; protection; information; awareness; knowledge; labelling; composition; nutrition; formula; processing; baby food; diet; medicine; health; food safety reduced economic and social burden of food-borne diseases,True
530,Other,Delegated Regulation (EU) 2016/128 on foods for special medical purposes,"Delegated Regulation (EU) 2016/128 supplements Regulation (EU) No 609/2013 — the specific compositional and information requirements for food for special medical purposes. The aims of the regulation are: modifying labelling requirements for foods for special medical purposes, and introducing a ban on making nutrition and health claims for such foods; extending the rules for infant and follow-on formula on labelling, presentation, advertising and marketing to cover foods for special medical purposes intended for infants; extending the rules on pesticides to foods for special medical purposes intended for infants and young children.",foodstuff; labelling; health; nutrition; health; claims; children; infant; marketing; advertisement; pesticide,,2019.0,,Food safety,Reduced economic and social burden of diet related diseases,Consumers,Regulation and self-regulation,Food industry,EU,Supra-national,EC - DG Sante,https://eur-lex.europa.eu/legal-content/EN/TXT/?uri=celex%3A32016R0128,,"delegated regulation (eu) 2016/128 on foods for special medical purposes delegated regulation (eu) 2016/128 supplements regulation (eu) no 609/2013 — the specific compositional and information requirements for food for special medical purposes. the aims of the regulation are: modifying labelling requirements for foods for special medical purposes, and introducing a ban on making nutrition and health claims for such foods; extending the rules for infant and follow-on formula on labelling, presentation, advertising and marketing to cover foods for special medical purposes intended for infants; extending the rules on pesticides to foods for special medical purposes intended for infants and young children. foodstuff; labelling; health; nutrition; health; claims; children; infant; marketing; advertisement; pesticide food safety reduced economic and social burden of diet related diseases",True
472,Nourishing,DIATROFI Scheme,In Greece the Government scheme on free school meals includes 992 (out of 4449) schools. There are selected primary schools in 74 out of 332 municipalities of the country; private pilot DIATROFI scheme in 73 schools in vulnerable socio-economic areas.,food aid; food assistance; social inclusion; school meal; income; support; children; deprived areas,,2012.0,,Balanced and sufficient diets for all EU citizens,Reduced economic and social burden of diet related diseases,Consumers,Income support,School food services,Greece,National,Greek Government,https://health-inequalities.eu/jwddb/diatrofi-programme/,,diatrofi scheme in greece the government scheme on free school meals includes 992 (out of 4449) schools. there are selected primary schools in 74 out of 332 municipalities of the country; private pilot diatrofi scheme in 73 schools in vulnerable socio-economic areas. food aid; food assistance; social inclusion; school meal; income; support; children; deprived areas balanced and sufficient diets for all eu citizens reduced economic and social burden of diet related diseases,True
466,Nourishing,Dietary Guidelines for Meals,"Dietary Guidelines for Meals; launched in 2022, it provides concrete guidance on how to serve healthy and climate-friendly meals in accordance with the FBDG. The material consists of principals for composing the meals, a overview and description of the different food groups and estimates for specific portion sizes for different age groups and different meals. The material covers meals served in day cares, kindergartens, schools, other educational institutions and worksite canteens. Also breakfast meals and in-between-meal servings relevant for after school programmes (SFOs) are covered. Additionally guidelines for vegetarian meals served in schools, educational institutions and worksite canteens were launched in 2022.",diet; health; canteen; education; environment; portion; age group; vegetarian,,2022.0,,Balanced and sufficient diets for all EU citizens,Reduced economic and social burden of diet related diseases,Society at large,Information measure,Media,Denmark,National,Danish Veterinary and Food Administration,https://altomkost.dk/english#c41067,,"dietary guidelines for meals dietary guidelines for meals; launched in 2022, it provides concrete guidance on how to serve healthy and climate-friendly meals in accordance with the fbdg. the material consists of principals for composing the meals, a overview and description of the different food groups and estimates for specific portion sizes for different age groups and different meals. the material covers meals served in day cares, kindergartens, schools, other educational institutions and worksite canteens. also breakfast meals and in-between-meal servings relevant for after school programmes (sfos) are covered. additionally guidelines for vegetarian meals served in schools, educational institutions and worksite canteens were launched in 2022. diet; health; canteen; education; environment; portion; age group; vegetarian balanced and sufficient diets for all eu citizens reduced economic and social burden of diet related diseases",True
637,Other,Directive 1999/10/EC,"Directive 1999/10/EC provides for derogations from the provisions of Article 7 of Council Directive 79/112/EEC as regards the labelling of foodstuffs. Specifically: Article 7(2)(a) and (b) of Directive 79/112/EEC shall not apply in cases where the wording ‘with sweetener(s)’ or ‘with sugar(s) and sweetener(s)’ accompanies the name under which a foodstuff is sold, as provided for under Directive 94/54/EC; article 7(2)(a) and (b) of Directive 79/112/EEC shall not apply to particulars relating to the addition of vitamins and minerals, in cases where those substances are subject to nutrition labelling.",food safety; labelling; foodstuff; advertisment; sweetener; sugar; vitamin,,1999.0,2014.0,Food safety,Reduced economic and social burden of food-borne diseases,Consumers,Labelling measure,Consumers,EU,Supra-national,EC,https://eur-lex.europa.eu/legal-content/EN/ALL/?uri=celex%3A31999L0010,,"directive 1999/10/ec directive 1999/10/ec provides for derogations from the provisions of article 7 of council directive 79/112/eec as regards the labelling of foodstuffs. specifically: article 7(2)(a) and (b) of directive 79/112/eec shall not apply in cases where the wording ‘with sweetener(s)’ or ‘with sugar(s) and sweetener(s)’ accompanies the name under which a foodstuff is sold, as provided for under directive 94/54/ec; article 7(2)(a) and (b) of directive 79/112/eec shall not apply to particulars relating to the addition of vitamins and minerals, in cases where those substances are subject to nutrition labelling. food safety; labelling; foodstuff; advertisment; sweetener; sugar; vitamin food safety reduced economic and social burden of food-borne diseases",True
596,Other,Directive 1999/21/EC,Directive 1999/21/EC lays down compositional and labelling requirements for dietary foods for special medical purposes,food safety; health; labelling; composition; medicine; medical; foodstuff,,1999.0,2020.0,Food safety,Reduced economic and social burden of food-borne diseases,Consumers,Labelling measure,Food industry,EU,Supra-national,EC,https://eur-lex.europa.eu/legal-content/EN/TXT/?uri=celex%3A31999L0021,,directive 1999/21/ec directive 1999/21/ec lays down compositional and labelling requirements for dietary foods for special medical purposes food safety; health; labelling; composition; medicine; medical; foodstuff food safety reduced economic and social burden of food-borne diseases,True
547,Other,Directive 1999/3/EC,"Directive 1999/3/EC complements Directive 1999/2/EC on on the irradiation of foods and food ingredients. Directive 1999/3/EC provides an initial list of foods that may be irradiated, i.e. dried aromatic herbs, spices and vegetable seasonings.",food safety; food category; health; prevention; labelling; vegetable; herb; aromatic; spice,,1999.0,,Food safety,Reduced economic and social burden of food-borne diseases,Consumers,Food and agricultural standards (mandatory),Farmers |  Food industry |,EU,Supra-national,EC,https://eur-lex.europa.eu/legal-content/EN/TXT/?uri=celex%3A31999L0003,,"directive 1999/3/ec directive 1999/3/ec complements directive 1999/2/ec on on the irradiation of foods and food ingredients. directive 1999/3/ec provides an initial list of foods that may be irradiated, i.e. dried aromatic herbs, spices and vegetable seasonings. food safety; food category; health; prevention; labelling; vegetable; herb; aromatic; spice food safety reduced economic and social burden of food-borne diseases",True
544,Other,Directive 2001/111/EC on sugar,Directive 2001/111/EC improves the labelling of certain edible sugars in order to better inform consumers and to prevent them from being misled by the products they buy. It applies without prejudice to the general provisions relating to the labelling of foodstuffs.,food safety; food category; composition; foodstuff; health; consumption; labelling; sugar,,2002.0,,Food safety,Reduced economic and social burden of food-borne diseases,Consumers,Labelling measure,Food industry,EU,Supra-national,EC,https://eur-lex.europa.eu/legal-content/EN/TXT/?uri=celex%3A32001L0111,,directive 2001/111/ec on sugar directive 2001/111/ec improves the labelling of certain edible sugars in order to better inform consumers and to prevent them from being misled by the products they buy. it applies without prejudice to the general provisions relating to the labelling of foodstuffs. food safety; food category; composition; foodstuff; health; consumption; labelling; sugar food safety reduced economic and social burden of food-borne diseases,True
531,Other,Directive 2001/112/EC on fruit juices and similar products,"Directive 2001/112/EC relates to fruit juices and certain similar products intended for human consumption. It sets out specific rules regarding the composition of fruit juices, their reserved names, their manufacturing characteristics and their labelling.",Fruit juice; beverage; labelling; consumption; composition; manufacturing,,2002.0,,Food safety,Reduced economic and social burden of diet related diseases,Consumers,Food and agricultural standards (mandatory),Food industry,EU,Supra-national,EC,https://eur-lex.europa.eu/legal-content/EN/TXT/?uri=celex%3A32001L0112,,"directive 2001/112/ec on fruit juices and similar products directive 2001/112/ec relates to fruit juices and certain similar products intended for human consumption. it sets out specific rules regarding the composition of fruit juices, their reserved names, their manufacturing characteristics and their labelling. fruit juice; beverage; labelling; consumption; composition; manufacturing food safety reduced economic and social burden of diet related diseases",True
548,Other,Directive 2001/113/EC on fruit jams and sweetened chestnut purée,"Directive 2001/113/EC is about the composition and labelling of fruit jams and sweetened chestnut purée. These are subject to specific rules in regard to their fruit and sugar content, residual content of sulphur dioxide and other permitted additives.",food safety; food category; composition; foodstuff; health; consumption; labelling; jam; fruit; purée,,2002.0,,Food safety,Reduced economic and social burden of food-borne diseases,Consumers,Labelling measure,Food industry,EU,Supra-national,EC,https://eur-lex.europa.eu/legal-content/EN/TXT/?uri=celex%3A32001L0113,,"directive 2001/113/ec on fruit jams and sweetened chestnut purée directive 2001/113/ec is about the composition and labelling of fruit jams and sweetened chestnut purée. these are subject to specific rules in regard to their fruit and sugar content, residual content of sulphur dioxide and other permitted additives. food safety; food category; composition; foodstuff; health; consumption; labelling; jam; fruit; purée food safety reduced economic and social burden of food-borne diseases",True
549,Other,Directive 2006/125/EC on processed cereal-based foods and baby foods for infants and young children,"Directive 2006/125/EC covers foodstuffs for particular nutritional use that fulfil the nutritional requirements of infants and young children in good health and are intended for use by infants while they are being weaned, and by young children as a supplement to their diet and/or for their progressive adaptation to ordinary food. Specifically, it concerns processed cereal-based foods and baby foods for infants and young children.",food safety; food category; composition; foodstuff; health; consumption; labelling; nutrition; cereals; baby food; childrean,,2006.0,,Food safety,Reduced economic and social burden of food-borne diseases,Consumers,Food and agricultural standards (mandatory),Food industry,EU,Supra-national,EC,https://eur-lex.europa.eu/legal-content/EN/TXT/?uri=celex%3A32006L0125,,"directive 2006/125/ec on processed cereal-based foods and baby foods for infants and young children directive 2006/125/ec covers foodstuffs for particular nutritional use that fulfil the nutritional requirements of infants and young children in good health and are intended for use by infants while they are being weaned, and by young children as a supplement to their diet and/or for their progressive adaptation to ordinary food. specifically, it concerns processed cereal-based foods and baby foods for infants and young children. food safety; food category; composition; foodstuff; health; consumption; labelling; nutrition; cereals; baby food; childrean food safety reduced economic and social burden of food-borne diseases",True
597,Other,Directive 2006/141/EC,"Directive 2006/141/EC adapts maximum and minimum values for vitamins, minerals and trace elements in nutritionally complete foods intended for use by infants, previously introduced by Directive 1999/21/EC. Specifically, Directive 2006/141/EC adapts one of its values, the minimum level of manganese in foods intended for infants, to take account of the latest scientific advice. The new requirements for infant formulae manufactured from cows' milk proteins or based on protein hydrolysates shall apply mandatorily to infant dietary foods for special medical purposes as of 1 January 2012.",food safety; health; labelling; composition; medicine; medical; foodstuff; vitamine; mineral; manganese; infant formula; protein; nutrition,,2006.0,2022.0,Food safety,Reduced economic and social burden of food-borne diseases,Consumers,Regulation and self-regulation,Consumers |  Food industry |,EU,Supra-national,EC,https://eur-lex.europa.eu/legal-content/EN/TXT/?uri=celex%3A32006L0141,,"directive 2006/141/ec directive 2006/141/ec adapts maximum and minimum values for vitamins, minerals and trace elements in nutritionally complete foods intended for use by infants, previously introduced by directive 1999/21/ec. specifically, directive 2006/141/ec adapts one of its values, the minimum level of manganese in foods intended for infants, to take account of the latest scientific advice. the new requirements for infant formulae manufactured from cows' milk proteins or based on protein hydrolysates shall apply mandatorily to infant dietary foods for special medical purposes as of 1 january 2012. food safety; health; labelling; composition; medicine; medical; foodstuff; vitamine; mineral; manganese; infant formula; protein; nutrition food safety reduced economic and social burden of food-borne diseases",True
600,Other,Directive 2007/29/EC,"Directive 2007/29/EC amends Directive 96/8/EC as regards labelling, advertising or presenting foods intended for use in energy-restricted diets for weight reduction. In particular, in Article 5 of Directive 96/8/EC, paragraph 3 is replaced by the following: the labelling, advertising and presentation of the products concerned shall not make any reference to the rate or amount of weight loss which may result from their use.",diet; overweight; health; composition; labelling; foodstuff; energy; prevention,,2007.0,2015.0,Balanced and sufficient diets for all EU citizens,Reduced economic and social burden of diet related diseases,Consumers |  Society at large |,Labelling measure,Food industry,EU,Supra-national,EC,https://eur-lex.europa.eu/legal-content/EN/TXT/?uri=celex%3A32007L0029,,"directive 2007/29/ec directive 2007/29/ec amends directive 96/8/ec as regards labelling, advertising or presenting foods intended for use in energy-restricted diets for weight reduction. in particular, in article 5 of directive 96/8/ec, paragraph 3 is replaced by the following: the labelling, advertising and presentation of the products concerned shall not make any reference to the rate or amount of weight loss which may result from their use. diet; overweight; health; composition; labelling; foodstuff; energy; prevention balanced and sufficient diets for all eu citizens reduced economic and social burden of diet related diseases",True
609,Other,Directive 2008/100/EC,"Directive 2008/100/EC amends Council Directive 90/496/EEC on nutrition labelling for foodstuffs as regards recommended daily allowances, energy conversion factors and definitions.",food safety; health; nutrition; labelling; foodstuff; canteen; catering; restaurant; consumer; energy,,2008.0,2014.0,Food safety,Reduced economic and social burden of food-borne diseases,Consumers,Labelling measure,Food industry,EU,Supra-national,EC,https://eur-lex.europa.eu/legal-content/EN/TXT/?uri=celex%3A32008L0100,,"directive 2008/100/ec directive 2008/100/ec amends council directive 90/496/eec on nutrition labelling for foodstuffs as regards recommended daily allowances, energy conversion factors and definitions. food safety; health; nutrition; labelling; foodstuff; canteen; catering; restaurant; consumer; energy food safety reduced economic and social burden of food-borne diseases",True
583,Other,Directive 2009/39/EC,"Directive 2009/39/EC is on foodstuffs intended for particular nutritional uses. The rules relating to foodstuffs intended for particular nutritional uses (for infants and young children, persons whose digestive processes or metabolism are disturbed or for persons with a specific physiological condition) have been harmonised at European level. The labelling of these products should include information concerning the particular characteristics of the product, the energy value or carbohydrate, protein and fat content, etc.",food safety; health; disease; infant; children; nutrition; labelling; foodstuff; information; awareness; characteristics,,2009.0,2016.0,Food safety,Reduced economic and social burden of food-borne diseases,Consumers |  Society at large |,Labelling measure,Consumers |  Food industry |,EU,Supra-national,EC,https://eur-lex.europa.eu/legal-content/EN/TXT/?uri=celex%3A32009L0039,,"directive 2009/39/ec directive 2009/39/ec is on foodstuffs intended for particular nutritional uses. the rules relating to foodstuffs intended for particular nutritional uses (for infants and young children, persons whose digestive processes or metabolism are disturbed or for persons with a specific physiological condition) have been harmonised at european level. the labelling of these products should include information concerning the particular characteristics of the product, the energy value or carbohydrate, protein and fat content, etc. food safety; health; disease; infant; children; nutrition; labelling; foodstuff; information; awareness; characteristics food safety reduced economic and social burden of food-borne diseases",True
580,Other,Directive 76/621/EEC,"Directive 76/621/EEC relates to the fixing of the maximum level of erucic acid in oils and fats intended as such for human consumption and in foodstuffs containing added oils or fats. The aim of the Directive is to protect consumers from the possible negative effects of erucic acid in oils and fats. In order to achieve this, it fixes the maximum level of the substance which oils and fats intended for human consumption may contain. This Directive covers: oils, fats and blends intended for human consumption; foodstuffs with a fat content of 5% or more.",food safety; health; oil; fat; erucic acid; foodstuff; edible; information; awareness,,1976.0,2015.0,Food safety,Reduced economic and social burden of food-borne diseases,Consumers,Regulation and self-regulation,Consumers |  Food industry |,EU,Supra-national,EC,https://eur-lex.europa.eu/legal-content/EN/TXT/?uri=celex%3A31976L0621,,"directive 76/621/eec directive 76/621/eec relates to the fixing of the maximum level of erucic acid in oils and fats intended as such for human consumption and in foodstuffs containing added oils or fats. the aim of the directive is to protect consumers from the possible negative effects of erucic acid in oils and fats. in order to achieve this, it fixes the maximum level of the substance which oils and fats intended for human consumption may contain. this directive covers: oils, fats and blends intended for human consumption; foodstuffs with a fat content of 5% or more. food safety; health; oil; fat; erucic acid; foodstuff; edible; information; awareness food safety reduced economic and social burden of food-borne diseases",True
582,Other,Directive 80/891/EEC,Directive 80/891/EEC relates to the Community method of analysis for determining the erucic acid content in oils and fats intended to be used as such for human consumption and foodstuffs containing added oils or fats. It refers to referred to Article 1 of Directive 76/621/EEC.,food safety; health; oil; fat; erucic acid; foodstuff; edible; information; awareness; method,,1980.0,2015.0,Food safety,Reduced economic and social burden of food-borne diseases,Consumers,Regulation and self-regulation,Consumers |  Food industry |,EU,Supra-national,EC,https://eur-lex.europa.eu/legal-content/EN/TXT/?uri=celex%3A31980L0891,,directive 80/891/eec directive 80/891/eec relates to the community method of analysis for determining the erucic acid content in oils and fats intended to be used as such for human consumption and foodstuffs containing added oils or fats. it refers to referred to article 1 of directive 76/621/eec. food safety; health; oil; fat; erucic acid; foodstuff; edible; information; awareness; method food safety reduced economic and social burden of food-borne diseases,True
598,Other,Directive 89/398/EEC,"Directive 89/398/EEC is about the approximation of the laws of Member States relating to foodstuffs intended for particular nutritional uses such as infants, people who have digestive or metabolic disorders or a particular physiological condition. These products have specific labelling requirements, for example declaration of the energy value and the carbohydrate, protein and fat content.",food safety; health; labelling; nutrition; children; infant; disorder; foodstuff; energy; carbohydrate; protein; fat,,1990.0,2009.0,Food safety,Reduced economic and social burden of food-borne diseases,Consumers |  Society at large |,Labelling measure,Consumers |  Food industry |,EU,Supra-national,EC,https://eur-lex.europa.eu/legal-content/EN/TXT/?uri=celex%3A31989L0398,,"directive 89/398/eec directive 89/398/eec is about the approximation of the laws of member states relating to foodstuffs intended for particular nutritional uses such as infants, people who have digestive or metabolic disorders or a particular physiological condition. these products have specific labelling requirements, for example declaration of the energy value and the carbohydrate, protein and fat content. food safety; health; labelling; nutrition; children; infant; disorder; foodstuff; energy; carbohydrate; protein; fat food safety reduced economic and social burden of food-borne diseases",True
595,Other,Directive 90/496/EEC,"Directive 90/496/EEC is on nutrition labelling rules of foodstuffs. This Directive concerns nutrition labelling of foodstuffs for the final consumer and for mass caterers (restaurants, hospitals, canteens, etc.).",food safety; health; nutrition; labelling; foodstuff; canteen; catering; restaurant; consumer,,1990.0,2014.0,Food safety,Reduced economic and social burden of food-borne diseases,Consumers,Labelling measure,Food industry,EU,Supra-national,EC,https://eur-lex.europa.eu/legal-content/EN/TXT/?uri=celex%3A31990L0496,,"directive 90/496/eec directive 90/496/eec is on nutrition labelling rules of foodstuffs. this directive concerns nutrition labelling of foodstuffs for the final consumer and for mass caterers (restaurants, hospitals, canteens, etc.). food safety; health; nutrition; labelling; foodstuff; canteen; catering; restaurant; consumer food safety reduced economic and social burden of food-borne diseases",True
638,Other,Directive 91/321/EEC,Directive 91/321/EEC on infant formulae and follow-on formulae.,food safety; health; composition; foodstuff; infant formula; nutrition; children,,1991.0,2007.0,Food safety,Reduced economic and social burden of food-borne diseases,Consumers,Regulation and self-regulation,Consumers |  Food industry |,EU,Supra-national,EC,https://eur-lex.europa.eu/legal-content/en/ALL/?uri=CELEX%3A31991L0321,,directive 91/321/eec directive 91/321/eec on infant formulae and follow-on formulae. food safety; health; composition; foodstuff; infant formula; nutrition; children food safety reduced economic and social burden of food-borne diseases,True
623,Other,Directive 91/630/EEC,Directive 91/630/EEC lays down minimum standards fo the protection of pigs confined for rearing or fattening.,food safety; health; prevention; protection; environment; pig; fat; rearing,,1991.0,2009.0,Reduced environmental impact,Animal welfare,Society at large,Regulation and self-regulation,Farmers,EU,Supra-national,EC,https://eur-lex.europa.eu/legal-content/EN/TXT/?uri=celex%3A31991L0630,,directive 91/630/eec directive 91/630/eec lays down minimum standards fo the protection of pigs confined for rearing or fattening. food safety; health; prevention; protection; environment; pig; fat; rearing reduced environmental impact animal welfare,True
587,Other,Directive 96/8/EC,Directive 96/8/EC lays down compositional and labelling requirements for foods for particular nutritional uses which are intended for use in energy-restricted diets for weight reduction and are presented as such.,diet; overweight; health; composition; labelling; foodstuff; energy; prevention,,1997.0,,Balanced and sufficient diets for all EU citizens,Reduced economic and social burden of diet related diseases,Consumers |  Society at large |,Labelling measure,Food industry,EU,Supra-national,EC,https://eur-lex.europa.eu/legal-content/EN/TXT/?uri=celex%3A31996L0008,,directive 96/8/ec directive 96/8/ec lays down compositional and labelling requirements for foods for particular nutritional uses which are intended for use in energy-restricted diets for weight reduction and are presented as such. diet; overweight; health; composition; labelling; foodstuff; energy; prevention balanced and sufficient diets for all eu citizens reduced economic and social burden of diet related diseases,True
36,Nourishing,Eat and learn together - a school lunch recommendation,"The school meal recommendation contains nutritional recommendation for  school meals. The focus is on strengthening pupils' inclusion, providing lunches and snacks promoting health and sustainable development, taking into account the entire dining environment.",guidelines; food provision; procurement; canteen; catering; food services; infant; children; diet; health; menu; education; knowledge;,,2017.0,2017.0,Balanced and sufficient diets for all EU citizens,Reduced economic and social burden of diet related diseases,Consumers,Regulation and self-regulation,School food services,Finland,National,"Finnish Ministry of Social Affairs and Health, national nutrition council",http://www.julkari.fi/handle/10024/131834,,"eat and learn together - a school lunch recommendation the school meal recommendation contains nutritional recommendation for  school meals. the focus is on strengthening pupils' inclusion, providing lunches and snacks promoting health and sustainable development, taking into account the entire dining environment. guidelines; food provision; procurement; canteen; catering; food services; infant; children; diet; health; menu; education; knowledge; balanced and sufficient diets for all eu citizens reduced economic and social burden of diet related diseases",True
25,Nourishing,Eat move (Manger Bouger)- National Health Nutrition Program,Public health plan aimed at improving the health status of the population by acting on one of its major determinants: nutrition.,fruit; vegetables; sport; legumes; guidelines; health; drink; soda; sugar; salt; fat; processed; meat; consumption;,,2001.0,2001.0,Balanced and sufficient diets for all EU citizens,Reduced economic and social burden of diet related diseases,Consumers,Information measure,Media,France,National,"French ministry of solidarity and health, Santé publique France- French national public health agency",http://www.mangerbouger.fr/ |  http://www.mangerbouger.fr/Manger-Mieux | ,,eat move (manger bouger)- national health nutrition program public health plan aimed at improving the health status of the population by acting on one of its major determinants: nutrition. fruit; vegetables; sport; legumes; guidelines; health; drink; soda; sugar; salt; fat; processed; meat; consumption; balanced and sufficient diets for all eu citizens reduced economic and social burden of diet related diseases,True
250,SCAR,EcoAntibio,The aim of the Plan is to reduce the risks of antibiotic resistance in veterinary medicine and to safeguard the efficacy of the antibiotics,animal; pharmaceuticals; infection; health; prevention; livestock;,,2012.0,2017.0,Balanced and sufficient diets for all EU citizens,Reduced economic and social burden of diet related diseases,Consumers,Information measure,Farmers,France,National,French Ministry of Agriculture and Food,http://agriculture.gouv.fr/plan-ecoantibio-2012-2017-lutte-contre-lantibioresistance,,ecoantibio the aim of the plan is to reduce the risks of antibiotic resistance in veterinary medicine and to safeguard the efficacy of the antibiotics animal; pharmaceuticals; infection; health; prevention; livestock; balanced and sufficient diets for all eu citizens reduced economic and social burden of diet related diseases,True
62,Nourishing,Education act,"The Swedish School Law stipulates that school lunches must be nutritious, thus equal a third of the recommended daily intake of energy and nutrients.",canteen; school meal; catering; food services; procurement; diet; health; transport; purchase; recommendation;,,2011.0,2011.0,Balanced and sufficient diets for all EU citizens,Reduced economic and social burden of diet related diseases,Consumers,Regulation and self-regulation,School food services,Sweden,National,"Swedish Ministry of Education and Research, National Food Agency",https://www.livsmedelsverket.se/en/food-habits-health-and-environment/maltider-i-vard-skola-och-omsorg/skola,,"education act the swedish school law stipulates that school lunches must be nutritious, thus equal a third of the recommended daily intake of energy and nutrients. canteen; school meal; catering; food services; procurement; diet; health; transport; purchase; recommendation; balanced and sufficient diets for all eu citizens reduced economic and social burden of diet related diseases",True
56,Nourishing,"Education on nutrition, health and food preparation in schools","Curriculum or classes on healthy diet, nutrition, food preparation",knowledge; lifestyle; information;,,2014.0,,Balanced and sufficient diets for all EU citizens,Reduced economic and social burden of diet related diseases,Consumers,Education measure,Education sector,Finland,National,Finnish Government,https://www.julkari.fi/bitstream/handle/10024/134867/URN_ISBN_978-952-302-844-9.pdf?sequence=1&isAllowed=y |  https://www.oph.fi/en/education-and-qualifications/school-meals-finland | ,,"education on nutrition, health and food preparation in schools curriculum or classes on healthy diet, nutrition, food preparation knowledge; lifestyle; information; balanced and sufficient diets for all eu citizens reduced economic and social burden of diet related diseases",True
57,Nourishing,"Education on nutrition, health and food preparation in schools","Curriculum or classes on healthy diet, nutrition, food preparation",knowledge; lifestyle; information;,,2012.0,,Balanced and sufficient diets for all EU citizens,Reduced economic and social burden of diet related diseases,Consumers,Education measure,Education sector,Slovenia,National,Slovenian government,https://www.uradni-list.si/glasilo-uradni-list-rs/vsebina/111596,,"education on nutrition, health and food preparation in schools curriculum or classes on healthy diet, nutrition, food preparation knowledge; lifestyle; information; balanced and sufficient diets for all eu citizens reduced economic and social burden of diet related diseases",True
58,Nourishing,"Education on nutrition, health and food preparation in schools","Curriculum or classes on healthy diet, nutrition, food preparation",obesity; overweight; policy; lifestyle; information; platform; infant; children; canteen;,,,,Balanced and sufficient diets for all EU citizens,Reduced economic and social burden of diet related diseases,Consumers,Education measure,Education sector,Germany,National,"German Federal ministry of food and agriculture, Ministry of health",https://www.fao.org/nutrition/education/food-dietary-guidelines/regions/germany/en/,,"education on nutrition, health and food preparation in schools curriculum or classes on healthy diet, nutrition, food preparation obesity; overweight; policy; lifestyle; information; platform; infant; children; canteen; balanced and sufficient diets for all eu citizens reduced economic and social burden of diet related diseases",True
59,Nourishing,"Education on nutrition, health and food preparation in schools","Curriculum or classes on healthy diet, nutrition, food preparation",education; obesity; children; knowledge; advice; diet;,,,,Balanced and sufficient diets for all EU citizens,Reduced economic and social burden of diet related diseases,Consumers,Education measure,Education sector,UK,National,UK Department of education,https://www.in-form.de/,,"education on nutrition, health and food preparation in schools curriculum or classes on healthy diet, nutrition, food preparation education; obesity; children; knowledge; advice; diet; balanced and sufficient diets for all eu citizens reduced economic and social burden of diet related diseases",True
471,Nourishing,Educational and Participation Act,"Free School Meals - Germany. In Germany, lunch is provided only in all-day schools and is mostly subsidised. This can be reimbursed, as part of the education and participation benefits (if they apply for these benefits) if low-income households with children with basic income support for jobseekers, social assistance, asylum seekers benefits or supplementary child benefit or housing benefit (under the Child Benefit Act). The cost of school lunches covered as part of the education and participation benefits (EAPB). Households have access to the EAPB if they are on minimum-income benefits (basic income support for jobseekers or social assistance or the Asylum Seekers Benefits Act), on supplementary child benefit or on housing benefit.",food aid; food assistance; social inclusion; school meal; income; support; children,,2022.0,2023.0,Balanced and sufficient diets for all EU citizens,Reduced economic and social burden of diet related diseases,Consumers,Income support,School food services,Germany,National,German Federal Ministry of Labour and Social Affairs,https://handbookgermany.de/en/educational-package,,"educational and participation act free school meals - germany. in germany, lunch is provided only in all-day schools and is mostly subsidised. this can be reimbursed, as part of the education and participation benefits (if they apply for these benefits) if low-income households with children with basic income support for jobseekers, social assistance, asylum seekers benefits or supplementary child benefit or housing benefit (under the child benefit act). the cost of school lunches covered as part of the education and participation benefits (eapb). households have access to the eapb if they are on minimum-income benefits (basic income support for jobseekers or social assistance or the asylum seekers benefits act), on supplementary child benefit or on housing benefit. food aid; food assistance; social inclusion; school meal; income; support; children balanced and sufficient diets for all eu citizens reduced economic and social burden of diet related diseases",True
136,SCAR,EKO label,"Not only a certified organic product, but relates to ecology, health, fairness and care. EKO quality mark 2017 for sustainable organic products.",production; market; farmer; transparency; climate; renewable; packaging; ecology; health; fairness; sustainability; farming; meat; dairy; vegetable;,,2017.0,2017.0,Reduced environmental impact,Climate,Consumers,Labelling measure,Food industry,Netherlands,National,EKO quality mark,https://eko-keurmerk.nl/,,"eko label not only a certified organic product, but relates to ecology, health, fairness and care. eko quality mark 2017 for sustainable organic products. production; market; farmer; transparency; climate; renewable; packaging; ecology; health; fairness; sustainability; farming; meat; dairy; vegetable; reduced environmental impact climate",True
16,Nourishing,Eu pledge,voluntary initiative by leading food and beverage companies to change the way they advertise to children,industry; commercial communication; parents; diet; lifestyle; advertisement; drink; soda; media;,,2007.0,2007.0,Balanced and sufficient diets for all EU citizens,Reduced economic and social burden of diet related diseases,Consumers,Information measure,Food industry,EU,Supra-national,Association of industries - World Federation of Advertisers,http://www.eu-pledge.eu/,,eu pledge voluntary initiative by leading food and beverage companies to change the way they advertise to children industry; commercial communication; parents; diet; lifestyle; advertisement; drink; soda; media; balanced and sufficient diets for all eu citizens reduced economic and social burden of diet related diseases,True
35,Nourishing,EU regulation on nutrition and health claims made on foods (1924/2006),"regulation on nutrition and health claims made in labelling, presentation or advertising of foods. The objective is to ensure that any claim made on a food's labelling, presentation or advertising  is clear, accurate and based on scientific evidence.",information; awareness; transparency; consumption; media; knowledge; nutrition;,,2006.0,2006.0,Balanced and sufficient diets for all EU citizens,Reduced economic and social burden of diet related diseases,Consumers,Regulation and self-regulation,Food industry,EU,Supra-national,EC,https://ec.europa.eu/food/safety/labelling_nutrition/claims_en |  https://eur-lex.europa.eu/legal-content/EN/ALL/?uri=CELEX%3A02006R1924-20121129 | ,,"eu regulation on nutrition and health claims made on foods (1924/2006) regulation on nutrition and health claims made in labelling, presentation or advertising of foods. the objective is to ensure that any claim made on a food's labelling, presentation or advertising  is clear, accurate and based on scientific evidence. information; awareness; transparency; consumption; media; knowledge; nutrition; balanced and sufficient diets for all eu citizens reduced economic and social burden of diet related diseases",True
461,Nourishing,EU regulation on nutrition and health claims made on foods (Law No. 1924/2006),"regulation on nutrition and health claims made in labelling, presentation or advertising of foods. The objective is to ensure that any claim made on a food's labelling, presentation or advertising  is clear, accurate and based on scientific evidence.",labelling; advertisement; traceability; claim; transparency,,2006.0,,Balanced and sufficient diets for all EU citizens,Reduced economic and social burden of diet related diseases,Consumers,Regulation and self-regulation,Food industry,Slovenia,National,EC,https://eur-lex.europa.eu/legal-content/EN/TXT/PDF/?uri=CELEX:32006R1924&amp;from=en,,"eu regulation on nutrition and health claims made on foods (law no. 1924/2006) regulation on nutrition and health claims made in labelling, presentation or advertising of foods. the objective is to ensure that any claim made on a food's labelling, presentation or advertising  is clear, accurate and based on scientific evidence. labelling; advertisement; traceability; claim; transparency balanced and sufficient diets for all eu citizens reduced economic and social burden of diet related diseases",True
12,Nourishing,"Excise duty on Sweets, Ice-cream and Soft drinks","excise duty on Sweets, Ice-cream and Soft drinks",tax; tariff; retail; formula; infant; children; junk food; soda; sugar;,,2011.0,2017.0,Balanced and sufficient diets for all EU citizens,Reduced economic and social burden of diet related diseases,Consumers,Fiscal policy,Food industry,Finland,National,Finnish Ministry of Finance,http://tulli.fi/sv/artikel/-/asset_publisher/laki-makeisten-jaatelon-ja-virvoitusjuomien-valmisteverosta?_101_INSTANCE_QFqaWaieEuk1_languageId=fi_FI |  http://www.finlex.fi/fi/laki/alkup/2010/20101127 | ,,"excise duty on sweets, ice-cream and soft drinks excise duty on sweets, ice-cream and soft drinks tax; tariff; retail; formula; infant; children; junk food; soda; sugar; balanced and sufficient diets for all eu citizens reduced economic and social burden of diet related diseases",True
264,SCAR,Food Guidelines for Grades 5-8 of Primary Schools,Food Guidelines for Grades 5-8 of Primary Schools,children; foodstuff; marketing; obesity; overweight; diet; education; canteen; food services; recommendation; health;,,,,Balanced and sufficient diets for all EU citizens,Reduced economic and social burden of diet related diseases,Consumers,Information measure,Consumers,Croatia,National,Croatian Public Health Institute,https://www.hzjz.hr/sluzba-promicanje-zdravlja/prehrambene-smjernice-za-5-do-8-razrede-osnovnih-skola/,,food guidelines for grades 5-8 of primary schools food guidelines for grades 5-8 of primary schools children; foodstuff; marketing; obesity; overweight; diet; education; canteen; food services; recommendation; health; balanced and sufficient diets for all eu citizens reduced economic and social burden of diet related diseases,True
263,SCAR,Food guidelines for protection of children before commercial messages,Nutrition guidelines that will help audiovisual media service providers to develop their own code of conduct for protecting children against inappropriate commercial messages about foods during the time of children's programs.,foodstuff; marketing; obesity; overweight; diet; advertising; recommendation; health;,,2016.0,2016.0,Balanced and sufficient diets for all EU citizens,Reduced economic and social burden of diet related diseases,Consumers,Regulation and self-regulation,Media,Slovenia,National,Slovenian Ministry of Health,https://extranet.who.int/nutrition/gina/en/node/43100 |  https://www.gov.si/assets/ministrstva/MZ/DOKUMENTI/Preventiva-in-skrb-za-zdravje/Varovanje-in-krepitev-zdravja/prehrana-in-telesna-dejavnost/prehranske_smernice-oglasevanje_072016.pdf | ,,food guidelines for protection of children before commercial messages nutrition guidelines that will help audiovisual media service providers to develop their own code of conduct for protecting children against inappropriate commercial messages about foods during the time of children's programs. foodstuff; marketing; obesity; overweight; diet; advertising; recommendation; health; balanced and sufficient diets for all eu citizens reduced economic and social burden of diet related diseases,True
271,Other,Free distribution of withdrawn fruit and vegetables,"Produce withdrawn from the market to help growers manage periodic crises is donated to various charitable and public service bodies in the EU. The EU funds 100% of free distribution for quantities up to 5% of the PO's total marketed volume, the aim being to stimulate greater consumption of fruit and vegetables in the EU",farmer; waste; food services; donation; food aid; charity; nutrition; diet; health; PG;,,,,Balanced and sufficient diets for all EU citizens,Reduced economic and social burden of diet related diseases,Consumers,Fiscal policy,Farmers,EU,Supra-national,EC - DG Agri,https://ec.europa.eu/info/law/better-regulation/have-your-say/initiatives/13434-Fruit-vegetables-EU-financial-assistance-to-producers-for-market-withdrawals-for-free-distribution-_en,,"free distribution of withdrawn fruit and vegetables produce withdrawn from the market to help growers manage periodic crises is donated to various charitable and public service bodies in the eu. the eu funds 100% of free distribution for quantities up to 5% of the po's total marketed volume, the aim being to stimulate greater consumption of fruit and vegetables in the eu farmer; waste; food services; donation; food aid; charity; nutrition; diet; health; pg; balanced and sufficient diets for all eu citizens reduced economic and social burden of diet related diseases",True
469,Nourishing,Free School Meals,"Free in all-day primary schools (a minority of primary schools) for pupils who live in households that receive Gross Minimum Income, children of asylum-seekers, unaccompanied migrant children, and children under the guardianship of the state (Social Welfare Services), children in households in which a member has a severe disability, health problem",food aid; food assistance; social inclusion; school meal; income; support; children; migration,,2022.0,,Balanced and sufficient diets for all EU citizens,Reduced economic and social burden of diet related diseases,Consumers,Income support,School food services,Cyprus,National,Government of Cyprus,https://www.euronews.com/business/2023/09/04/school-meals-in-europe-which-countries-provide-free-food-for-students,,"free school meals free in all-day primary schools (a minority of primary schools) for pupils who live in households that receive gross minimum income, children of asylum-seekers, unaccompanied migrant children, and children under the guardianship of the state (social welfare services), children in households in which a member has a severe disability, health problem food aid; food assistance; social inclusion; school meal; income; support; children; migration balanced and sufficient diets for all eu citizens reduced economic and social burden of diet related diseases",True
32,Nourishing,Front of Pack nutrition labelling scheme,The Front of Pack nutrition labelling scheme combines colour coding and percentage reference intakes,information; awareness; transparency; consumption; media; knowledge; nutrition; market;,,2013.0,2013.0,Balanced and sufficient diets for all EU citizens,Reduced economic and social burden of diet related diseases,Consumers,Labelling measure,Food industry,UK,National,"UK Department of Health, Food Standards Agency",https://www.food.gov.uk/business-guidance/nutrition-labelling |  https://www.gov.uk/government/publications/front-of-pack-nutrition-labelling-guidance | ,,front of pack nutrition labelling scheme the front of pack nutrition labelling scheme combines colour coding and percentage reference intakes information; awareness; transparency; consumption; media; knowledge; nutrition; market; balanced and sufficient diets for all eu citizens reduced economic and social burden of diet related diseases,True
228,SCAR,Fruit and vegetables #DeAquíYDeAhora,It pursued a double objective: to promote the consumption of fruits and vegetables of national production among the public that is not a habitual consumer and to encourage the direct support of the Department to the producers affected by the stagnation of consumption.,campaign; seasonal; local; short food supply chain; sfsc; nutrition; diet; health; farmers; production; producers; growers;,,2017.0,2017.0,Balanced and sufficient diets for all EU citizens,Reduced economic and social burden of diet related diseases,Consumers,Information measure,Consumers,Spain,National,"Spanish Ministry of Agriculture and Fisheries, Food and Environment",http://www.alimentacion.es/es/campanas/frutas/fruta-y-verdura-de-aqui-y-de-ahora-ultima-edicion/default.aspx |  http://www.mapama.gob.es/es/alimentacion/temas/frutas-verduras-temporada/ | ,,fruit and vegetables #deaquíydeahora it pursued a double objective: to promote the consumption of fruits and vegetables of national production among the public that is not a habitual consumer and to encourage the direct support of the department to the producers affected by the stagnation of consumption. campaign; seasonal; local; short food supply chain; sfsc; nutrition; diet; health; farmers; production; producers; growers; balanced and sufficient diets for all eu citizens reduced economic and social burden of diet related diseases,True
474,Nourishing,Gattolin Act,"The Gattolin Act was signed into law on December 20, 2016. The purpose of the law is to restrict the broadcasting of advertising during programs intended primarily for children under twelve years of age to generic messages for goods or services related to children's health and development or campaigns of general interest and to eliminate it on public television channels. This restriction applies during the broadcast of programs and for a period of fifteen minutes before and after such broadcast. It also applies to all messages broadcast on the websites of these same national television services that offer programs primarily intended for children under twelve. An amendment voted in the National Assembly provides for the elimination of advertising in children's programs on France Télévisions as of January 1, 2018.",children; health; obesity; diet; junk food; advertisement; television; media; prevention; awaraness,,2016.0,,Balanced and sufficient diets for all EU citizens,Reduced economic and social burden of diet related diseases,Society at large,Information measure,Media,France,National,FRANCE GOVERNMENT,https://www.legifrance.gouv.fr/loda/id/JORFTEXT000033658678,,"gattolin act the gattolin act was signed into law on december 20, 2016. the purpose of the law is to restrict the broadcasting of advertising during programs intended primarily for children under twelve years of age to generic messages for goods or services related to children's health and development or campaigns of general interest and to eliminate it on public television channels. this restriction applies during the broadcast of programs and for a period of fifteen minutes before and after such broadcast. it also applies to all messages broadcast on the websites of these same national television services that offer programs primarily intended for children under twelve. an amendment voted in the national assembly provides for the elimination of advertising in children's programs on france télévisions as of january 1, 2018. children; health; obesity; diet; junk food; advertisement; television; media; prevention; awaraness balanced and sufficient diets for all eu citizens reduced economic and social burden of diet related diseases",True
377,Other,GM-free labelling,"There exist ""GM-free labels"" pointing out that, in addition to what is laid down by the EU legislation on GMOs, specific measures have been taken on a voluntary basis to strictly exclude the presence or the use of GMOs in some food or feed products.",ban; control; risk; consumer; disease; health; nutrition;,,,,Food safety,Reduced economic and social burden of food-borne diseases,Consumers,Labelling measure,Food industry,EU,Supra-national,EC - DG Sante,https://ec.europa.eu/food/plant/gmo/traceability_labelling_en,,"gm-free labelling there exist ""gm-free labels"" pointing out that, in addition to what is laid down by the eu legislation on gmos, specific measures have been taken on a voluntary basis to strictly exclude the presence or the use of gmos in some food or feed products. ban; control; risk; consumer; disease; health; nutrition; food safety reduced economic and social burden of food-borne diseases",True
137,SCAR,GMO indication on food label,required producers to indicate on the label if a food product contains more than 0.9% genetically modified ingredients. In this case the words “genetically modified” or “produced with genetically modified” are placed before the name of the ingredient.,control; risk; consumer; disease; health; nutrition; labelling; transparency; traceability;,,2004.0,2004.0,Food safety,Reduced economic and social burden of food-borne diseases,Consumers,Labelling measure,Food industry,Netherlands,National,Dutch Ministry for Economic affairs and Climate policy,https://www.government.nl/topics/biotechnology/labelling-of-foods-and-products-containing-gmos,,gmo indication on food label required producers to indicate on the label if a food product contains more than 0.9% genetically modified ingredients. in this case the words “genetically modified” or “produced with genetically modified” are placed before the name of the ingredient. control; risk; consumer; disease; health; nutrition; labelling; transparency; traceability; food safety reduced economic and social burden of food-borne diseases,True
147,SCAR,GMO regulation,"ensure the traceability of products containing genetically modified organisms, to facilitate appropriate labeling, monitoring of environmental effects and, where necessary, the withdrawal of products from the market.",control; risk; consumer; disease; health; nutrition; transparency; traceability;,,2006.0,2006.0,Food safety,Reduced economic and social burden of food-borne diseases,Consumers,Regulation and self-regulation,Food industry,Romania,National,Romanian government,http://legislatie.just.ro/Public/DetaliiDocument/69535,,"gmo regulation ensure the traceability of products containing genetically modified organisms, to facilitate appropriate labeling, monitoring of environmental effects and, where necessary, the withdrawal of products from the market. control; risk; consumer; disease; health; nutrition; transparency; traceability; food safety reduced economic and social burden of food-borne diseases",True
44,Nourishing,Government Buying Standards (GBS) for food and catering services,All government departments and their related organisations must make sure that they meet the minimum mandatory Government Buying Standards (GBS) standards when buying goods and services.,nutrition; health; control; good practice; innovation; traceability; authenticity; origin; animal welfare; meat; dairy; fish; eggs; environment; salt; waste; SME; packaging;,,2014.0,2014.0,Balanced and sufficient diets for all EU citizens,Reduced economic and social burden of diet related diseases,Society at large,Procurement,Public Authorities,UK,National,"UK Department for Environment, Food & Rural Affairs",https://www.gov.uk/government/publications/sustainable-procurement-the-gbs-for-food-and-catering-services |  https://www.gov.uk/guidance/public-sector-procurement-policy#the-procurement-policy-framework | ,,government buying standards (gbs) for food and catering services all government departments and their related organisations must make sure that they meet the minimum mandatory government buying standards (gbs) standards when buying goods and services. nutrition; health; control; good practice; innovation; traceability; authenticity; origin; animal welfare; meat; dairy; fish; eggs; environment; salt; waste; sme; packaging; balanced and sufficient diets for all eu citizens reduced economic and social burden of diet related diseases,True
478,Nourishing,Greek Law n.76785/2017,"Since 2017, Greece has issued the n.76785/2017 Ministerial Decision that determines the nutritional standards for the foods that are offered in nurseries and kindergartens, and provides specific meal options for breakfast, lunch and snacks. The standards and the options are based on the National Dietary Guidelines for infants, children and adolescents. Public nurseries follow public procurement procedures for the foods that they provide.(See O- Offer healthy food and set standards in public institutions and other specific settings)",nutrition; nursery; kindergarten; children; meal; health,,2017.0,,Balanced and sufficient diets for all EU citizens,Reduced economic and social burden of diet related diseases,Consumers,Regulation and self-regulation,School food services,Greece,National,GREEK MINISTRY OF HEALTH,https://www.e-nomothesia.gr/ygeionomikos-kanonismos-diatakseis/ugeionomike-diataxe-u1agp-olk-76785-2017.html,,"greek law n.76785/2017 since 2017, greece has issued the n.76785/2017 ministerial decision that determines the nutritional standards for the foods that are offered in nurseries and kindergartens, and provides specific meal options for breakfast, lunch and snacks. the standards and the options are based on the national dietary guidelines for infants, children and adolescents. public nurseries follow public procurement procedures for the foods that they provide.(see o- offer healthy food and set standards in public institutions and other specific settings) nutrition; nursery; kindergarten; children; meal; health balanced and sufficient diets for all eu citizens reduced economic and social burden of diet related diseases",True
78,Nourishing,Guidelines for the school meal,Guidelines for the school meal.,children; foodstuff; marketing; obesity; overweight; diet; education; canteen; food services; recommendation; health;,,2003.0,2003.0,Balanced and sufficient diets for all EU citizens,Reduced economic and social burden of diet related diseases,Consumers,Food and agricultural standards (voluntary),School food services,Norway,National,Norwegian Directorate of Health,https://helsedirektoratet.no/Lists/Publikasjoner/Attachments/492/Retningslinjer-for-skolem%C3%A5ltidet-IS-0048.pdf,,guidelines for the school meal guidelines for the school meal. children; foodstuff; marketing; obesity; overweight; diet; education; canteen; food services; recommendation; health; balanced and sufficient diets for all eu citizens reduced economic and social burden of diet related diseases,True
81,Nourishing,Guidelines for the school meal,Guidelines for the school meal.,children; foodstuff; marketing; obesity; overweight; diet; education; canteen; food services; recommendation; health;,,2011.0,2011.0,Balanced and sufficient diets for all EU citizens,Reduced economic and social burden of diet related diseases,Consumers,Food and agricultural standards (voluntary),School food services,Netherlands,National,"Dutch Ministry of Education, Science and Culture and Ministry of Health, Welfare and Sport",http://gezondeschoolkantine.voedingscentrum.nl/nl.aspx,,guidelines for the school meal guidelines for the school meal. children; foodstuff; marketing; obesity; overweight; diet; education; canteen; food services; recommendation; health; balanced and sufficient diets for all eu citizens reduced economic and social burden of diet related diseases,True
481,Nourishing,Health Counselling Programme,"In Slovenia, health counselling programs are offered free of charge to individuals who are at risk of developing cardiovascular disease. The programme is provided in so-called health education centres (ZVC), within health centres throughout Slovenia and includes counselling on healthy diet and healthy weight loss.",health; mental health; prevention; consuelling; cardiovascular disease; diet; obesity; overweight,,,,Balanced and sufficient diets for all EU citizens,Reduced economic and social burden of diet related diseases,Consumers,Education measure,Consumers,Slovenia,National,Health Education Centre (ZVC),,,"health counselling programme in slovenia, health counselling programs are offered free of charge to individuals who are at risk of developing cardiovascular disease. the programme is provided in so-called health education centres (zvc), within health centres throughout slovenia and includes counselling on healthy diet and healthy weight loss. health; mental health; prevention; consuelling; cardiovascular disease; diet; obesity; overweight balanced and sufficient diets for all eu citizens reduced economic and social burden of diet related diseases",True
9,Nourishing,Health protection requirements for pre-school childcare facilities and schools,Nutrition requirements for food served in school and pre-school canteens.,children; foodstuff; marketing; obesity; overweight; diet; education; canteen; food services; recommendation; health;,,2008.0,2008.0,Balanced and sufficient diets for all EU citizens,Reduced economic and social burden of diet related diseases,Consumers,Regulation and self-regulation,School food services,Estonia,National,Estonian Minister of Social Affairs,https://www.riigiteataja.ee/akt/12912436,,health protection requirements for pre-school childcare facilities and schools nutrition requirements for food served in school and pre-school canteens. children; foodstuff; marketing; obesity; overweight; diet; education; canteen; food services; recommendation; health; balanced and sufficient diets for all eu citizens reduced economic and social burden of diet related diseases,True
10,Nourishing,Health tax on soft drinks,health tax on soft drinks in the form of excise duties,duty; tariff; retail; children; junk food; soda; sugar; energy;,,2018.0,2018.0,Balanced and sufficient diets for all EU citizens,Reduced economic and social burden of diet related diseases,Consumers,Fiscal policy,Food industry,Belgium,National,Belgian Federal Public Service - Finance,https://financien.belgium.be/nl/douane_accijnzen/ondernemingen/accijnzen/verhoging-accijnstarieven-1-januari-2018,,health tax on soft drinks health tax on soft drinks in the form of excise duties duty; tariff; retail; children; junk food; soda; sugar; energy; balanced and sufficient diets for all eu citizens reduced economic and social burden of diet related diseases,True
499,Nourishing,Healthier and more sustainable catering,"Local councils are encouraged to develop Healthier Catering schemes or awards. The initiatives encourage outlets to switch to healthier ingredients, menus and cooking practices, based on Public Hearth England’s Healthier and more sustainable catering guidance. They focus particularly on reductions in salt, fat and sugar, smaller portions, and inclusion of more fruit and vegetables and the provision of calorie information. These are generally led and managed by staff from environmental health or trading standards teams of local authorities who are able to build on their established relationships with local outlets. They frequently draw on behavioural economics, encouraging consumers to make healthier choices through, for example, promoting the sale of food in smaller containers or the placing of healthier drinks at eye level.",nutrition; health; diet; salt; fat; sugar; fruit; vegetables; catering; portion; prevention; awareness,,2017.0,,Balanced and sufficient diets for all EU citizens,Reduced economic and social burden of diet related diseases,Consumers,Food and agricultural standards (voluntary),Food services |  School food services |,UK,National,UK Public Health England,https://assets.publishing.service.gov.uk/government/uploads/system/uploads/attachment_data/file/595129/Healthier_and_more_suistainable_GBSF_checklist.pdf |  https://assets.publishing.service.gov.uk/government/uploads/system/uploads/attachment_data/file/595130/Healthier_and_more_suistainable_tools_information_for_commissioners.pdf |  https://assets.publishing.service.gov.uk/government/uploads/system/uploads/attachment_data/file/648537/healthier_more_sustainable_catering_tools_variety_and_choice_purchasing.pdf |  https://assets.publishing.service.gov.uk/government/uploads/system/uploads/attachment_data/file/648544/healthier_and_more_sustainable_catering_older_people_toolkit.pdf |  https://assets.publishing.service.gov.uk/government/uploads/system/uploads/attachment_data/file/648743/healthier_and_more_sustainable_catering_adult_toolkit.pdf |  https://assets.publishing.service.gov.uk/government/uploads/system/uploads/attachment_data/file/648744/healthier_and_more_sustainable_nutrition_principles.pdf |  https://assets.publishing.service.gov.uk/government/uploads/system/uploads/attachment_data/file/768859/Healthier_and_more_suistainable_catering_checklist.pdf |  https://www.gov.uk/government/publications/healthier-and-more-sustainable-catering-a-toolkit-for-serving-food-to-adults | ,,"healthier and more sustainable catering local councils are encouraged to develop healthier catering schemes or awards. the initiatives encourage outlets to switch to healthier ingredients, menus and cooking practices, based on public hearth england’s healthier and more sustainable catering guidance. they focus particularly on reductions in salt, fat and sugar, smaller portions, and inclusion of more fruit and vegetables and the provision of calorie information. these are generally led and managed by staff from environmental health or trading standards teams of local authorities who are able to build on their established relationships with local outlets. they frequently draw on behavioural economics, encouraging consumers to make healthier choices through, for example, promoting the sale of food in smaller containers or the placing of healthier drinks at eye level. nutrition; health; diet; salt; fat; sugar; fruit; vegetables; catering; portion; prevention; awareness balanced and sufficient diets for all eu citizens reduced economic and social burden of diet related diseases",True
69,Nourishing,Healthy eating at school,Practical guide for the development of a balanced diet and food supply at school.,children; foodstuff; marketing; obesity; overweight; diet; education; canteen; food services; recommendation; health;,,2008.0,2008.0,Balanced and sufficient diets for all EU citizens,Reduced economic and social burden of diet related diseases,Consumers,Food and agricultural standards (voluntary),School food services,Belgium - Flanders,National,Belgian Ministry of Education and Flemish Institute for Health Promotion and Disease Prevention,https://joint-research-centre.ec.europa.eu/system/files/2017-07/jrc-school-food-policy-factsheet-belgium_flanders_en.pdf |  https://onderwijs.vlaanderen.be/ | ,,healthy eating at school practical guide for the development of a balanced diet and food supply at school. children; foodstuff; marketing; obesity; overweight; diet; education; canteen; food services; recommendation; health; balanced and sufficient diets for all eu citizens reduced economic and social burden of diet related diseases,True
71,Nourishing,Healthy Eating Lifestyle Plan (HELP),"Outlines the goals and highlights the school environment, school curriculum and school nutrition as the three key objectives for this initiative.",children; foodstuff; marketing; obesity; overweight; diet; education; canteen; food services; recommendation; health;,,2007.0,2007.0,Balanced and sufficient diets for all EU citizens,Reduced economic and social burden of diet related diseases,Consumers,Food and agricultural standards (voluntary),School food services,Malta,National,"Maltese Ministry of Education, Youth and Employment",https://educationservices.gov.mt/en/resources/Documents/Policy%20Documents/healty%20eating%20lifestyle%20plan%20resources.pdf,,"healthy eating lifestyle plan (help) outlines the goals and highlights the school environment, school curriculum and school nutrition as the three key objectives for this initiative. children; foodstuff; marketing; obesity; overweight; diet; education; canteen; food services; recommendation; health; balanced and sufficient diets for all eu citizens reduced economic and social burden of diet related diseases",True
484,Nourishing,Healthy living programme,"The National Health Promotion Programme “Healthy Living” has been adopted by the Croatian Government in 2015. The aim of this programme is to increase awareness and educate the population about risk behaviors for the development of chronic non-communicable diseases and others negative consequences on health as well as the ways to protect health and influence the determinants of health in order to increase life expectancy, reduce mortality, increase the number of years of life without illness and/or disability and achieve the highest possible level of physical and mental health, including improvement of the quality of life by preserving health and functional ability. The three priority areas of activity of the National Programme ""Healthy Living"" are aimed at proper nutrition, physical activity and obesity prevention, mental health, sexual and reproductive health. The program is multisectoral and its implementation is led by the Ministry of Health and the Croatian Institute of Public Health. School Breakfast Week As part of the Healthy Living Programme (the national health promotion program in Croatia) during the second week of October primary schools celebrate the national School Breakfast Week. This is a voluntary programme and schools can get support and certificate for participating in the nutritional education in school.",health; mental health; prevention; consuelling; children; diet; nutrition; obesity; overweight; awareness; disease; risk,,2015.0,,Balanced and sufficient diets for all EU citizens,Reduced economic and social burden of diet related diseases,Society at large,Education measure,Education sector,Croatia,National,Ministry of Health and the Croatian Institute of Public Health,https://national-policies.eacea.ec.europa.eu/youthwiki/chapters/croatia/74-healthy-lifestyles-and-healthy-nutrition,,"healthy living programme the national health promotion programme “healthy living” has been adopted by the croatian government in 2015. the aim of this programme is to increase awareness and educate the population about risk behaviors for the development of chronic non-communicable diseases and others negative consequences on health as well as the ways to protect health and influence the determinants of health in order to increase life expectancy, reduce mortality, increase the number of years of life without illness and/or disability and achieve the highest possible level of physical and mental health, including improvement of the quality of life by preserving health and functional ability. the three priority areas of activity of the national programme ""healthy living"" are aimed at proper nutrition, physical activity and obesity prevention, mental health, sexual and reproductive health. the program is multisectoral and its implementation is led by the ministry of health and the croatian institute of public health. school breakfast week as part of the healthy living programme (the national health promotion program in croatia) during the second week of october primary schools celebrate the national school breakfast week. this is a voluntary programme and schools can get support and certificate for participating in the nutritional education in school. health; mental health; prevention; consuelling; children; diet; nutrition; obesity; overweight; awareness; disease; risk balanced and sufficient diets for all eu citizens reduced economic and social burden of diet related diseases",True
51,Nourishing,Healthy start scheme,"If you’re pregnant or have a child under 4, the Healthy Start scheme can help you buy basic foods like milk or fruit. Receive vouchers every week to spend on milk, plain fresh and frozen fruit and vegetables, and infant formula milk. You can also get free vitamins.",food aid; pregnancy; pregnant; children; voucher; milk; fruit; vegetables; infant; formula; vitamins; health;,,2006.0,2006.0,Balanced and sufficient diets for all EU citizens,Food security in EU,Consumers,Income support,Consumers,UK,National,Department of Health -Northern Ireland,https://www.gov.uk/healthy-start |  https://www.healthystart.nhs.uk/ | ,,"healthy start scheme if you’re pregnant or have a child under 4, the healthy start scheme can help you buy basic foods like milk or fruit. receive vouchers every week to spend on milk, plain fresh and frozen fruit and vegetables, and infant formula milk. you can also get free vitamins. food aid; pregnancy; pregnant; children; voucher; milk; fruit; vegetables; infant; formula; vitamins; health; balanced and sufficient diets for all eu citizens food security in eu",True
5,Nourishing,Heart symbol,"the heart symbol tells the consumer that the product is a better choice in its product group regarding fat and sodium. In some product groups, also sugar and fibre contents are taken into account.",information; awareness; labelling; logo; nutrients; diet; health; children; foodstuff; knowledge; nutrition;,,2000.0,2000.0,Balanced and sufficient diets for all EU citizens,Reduced economic and social burden of diet related diseases,Consumers,Labelling measure,Food industry,Finland,National,Finnish Heart Foundation and Finnish Diabetes Foundation,https://www.sydanmerkki.fi/en,,"heart symbol the heart symbol tells the consumer that the product is a better choice in its product group regarding fat and sodium. in some product groups, also sugar and fibre contents are taken into account. information; awareness; labelling; logo; nutrients; diet; health; children; foodstuff; knowledge; nutrition; balanced and sufficient diets for all eu citizens reduced economic and social burden of diet related diseases",True
26,Nourishing,Honest about food website,"Information about a healthy, safe and more sustainable food choice.",awareness; knowledge; platform; consumer; advice;,,2002.0,2002.0,Balanced and sufficient diets for all EU citizens,Reduced economic and social burden of diet related diseases,Consumers,Information measure,Media,Netherlands,National,Netherlands nutrition center,http://www.voedingscentrum.nl/nl.aspx |  http://www.voedingscentrum.nl/nl/mijn-gewicht/gezond-gewicht.aspx | ,,"honest about food website information about a healthy, safe and more sustainable food choice. awareness; knowledge; platform; consumer; advice; balanced and sufficient diets for all eu citizens reduced economic and social burden of diet related diseases",True
23,Nourishing,Hot food takeaway supplementary planning document,control the location of and access to unhealthy food outlets,children; nutrition; health; control; waste; accessibility; shop; obesity; diet; quality; city; lifestyle;,,2010.0,2010.0,Balanced and sufficient diets for all EU citizens,Reduced economic and social burden of diet related diseases,Consumers,Regulation and self-regulation,Food services,UK,National,Local authorities in the UK,https://www.bradford.gov.uk/planning-and-building-control/planning-policy/the-hot-food-takeaway-supplementary-planning-document-spd/ |  https://www.gov.uk/government/case-studies/planning-document-to-limit-the-proliferation-of-takeaways | ,,hot food takeaway supplementary planning document control the location of and access to unhealthy food outlets children; nutrition; health; control; waste; accessibility; shop; obesity; diet; quality; city; lifestyle; balanced and sufficient diets for all eu citizens reduced economic and social burden of diet related diseases,True
52,Nourishing,Hungarian Aqua Promoting Programme in the Young (HAPPY),Promoting water consumption and decreasing the consumption of sugary soft drinks among pre-school and primary school students through provision of free drinking water and education measures,environment; health; lifestyle; recommendation; advice; media; children; school;,,2007.0,2007.0,Balanced and sufficient diets for all EU citizens,Reduced economic and social burden of diet related diseases,Consumers,Education measure,School food services,Hungary,National,Hungarian National Institute of Pharmacy and Nutrition,https://health.ec.europa.eu/system/files/2018-04/ev_20180315_co04_en_0.pdf,,hungarian aqua promoting programme in the young (happy) promoting water consumption and decreasing the consumption of sugary soft drinks among pre-school and primary school students through provision of free drinking water and education measures environment; health; lifestyle; recommendation; advice; media; children; school; balanced and sufficient diets for all eu citizens reduced economic and social burden of diet related diseases,True
179,SCAR,"Institute for Agriculture, Fisheries and Nutrition Research (economic services)","The Institute for Agricultural, Fisheries and Food Research (ILVO) carries out multidisciplinary, pioneering and independent research aimed at sustainable agriculture and fisheries in economic, ecological and social terms.",analysis; advice; food; climate; plant; digital; farming; pig; poultry; cattle; bioeconomy;,,,,Cross sectional (R&I oriented),Cross sectional (R&I oriented),Fisheries |  Farmers |,R&I economic,Farmers |  Food industry |,Belgium - Flanders,National,"Institute for Agriculture, Fisheries and Nutrition Research",https://www.ilvo.vlaanderen.be/language/nl-BE/NL/Diensten-en-producten.aspx |  https://www.ilvo.vlaanderen.be/language/nl-BE/NL/Over-ILVO.aspx#.Ww1Mz0iFO71 | ,,"institute for agriculture, fisheries and nutrition research (economic services) the institute for agricultural, fisheries and food research (ilvo) carries out multidisciplinary, pioneering and independent research aimed at sustainable agriculture and fisheries in economic, ecological and social terms. analysis; advice; food; climate; plant; digital; farming; pig; poultry; cattle; bioeconomy; cross sectional (r&i oriented) cross sectional (r&i oriented)",True
178,SCAR,"Institute for Agriculture, Fisheries and Nutrition Research (information services)","The Institute for Agricultural, Fisheries and Food Research (ILVO) carries out multidisciplinary, pioneering and independent research aimed at sustainable agriculture and fisheries in economic, ecological and social terms.",analysis; advice; food; climate; plant; digital; farming; pig; poultry; cattle; bioeconomy;,,,,Cross sectional (R&I oriented),Cross sectional (R&I oriented),Fisheries |  Farmers |,R&I information,Farmers |  Food industry |,Belgium - Flanders,National,"Institute for Agriculture, Fisheries and Nutrition Research",https://www.ilvo.vlaanderen.be/language/nl-BE/NL/Diensten-en-producten.aspx |  https://www.ilvo.vlaanderen.be/language/nl-BE/NL/Over-ILVO.aspx#.Ww1Mz0iFO71 | ,,"institute for agriculture, fisheries and nutrition research (information services) the institute for agricultural, fisheries and food research (ilvo) carries out multidisciplinary, pioneering and independent research aimed at sustainable agriculture and fisheries in economic, ecological and social terms. analysis; advice; food; climate; plant; digital; farming; pig; poultry; cattle; bioeconomy; cross sectional (r&i oriented) cross sectional (r&i oriented)",True
3,Nourishing,Keyhole logo,the voluntary logo identifies healthier options in each food category,information; awareness; labelling; logo; nutrients; diet; health; children; foodstuff; knowledge; nutrition;,,2009.0,2009.0,Balanced and sufficient diets for all EU citizens,Reduced economic and social burden of diet related diseases,Consumers,Labelling measure,Food industry,Denmark |  Lithuania |  Norway |  Sweden |  Iceland |,Supra-national,Norwegian Directorate of Health,https://helsedirektoratet.no/Lists/Publikasjoner/Attachments/1148/Enkelt-a-velge-sunnere-IS-0520E-engelsk.pdf |  https://helsenorge.no/other-languages/english/keyhole-healthy-food | ,,keyhole logo the voluntary logo identifies healthier options in each food category information; awareness; labelling; logo; nutrients; diet; health; children; foodstuff; knowledge; nutrition; balanced and sufficient diets for all eu citizens reduced economic and social burden of diet related diseases,True
151,SCAR,Large-scale Programme on Aquaculture Research (HAVBRUK2),"The primary objective of the HAVBRUK2 programme is to generate knowledge and solutions for socially, economically and environmentally sustainable growth in the Norwegian aquaculture industry, and to maintain and further develop Norway’s leading position in aquaculture research.",market; fishery; blue; marine; production; health; nutrition; feed; specie; genetic; breeding;,,2016.0,2016.0,Viable and socially balanced EU agri-food business,Competitiveness,Food industry,R&I economic,Industry-based research,Norway,National,Research Council of Norway,https://www.forskningsradet.no/siteassets/publikasjoner/1254021855474.pdf,,"large-scale programme on aquaculture research (havbruk2) the primary objective of the havbruk2 programme is to generate knowledge and solutions for socially, economically and environmentally sustainable growth in the norwegian aquaculture industry, and to maintain and further develop norway’s leading position in aquaculture research. market; fishery; blue; marine; production; health; nutrition; feed; specie; genetic; breeding; viable and socially balanced eu agri-food business competitiveness",True
526,Other,Law n. 213/2023 updated on theoretical Law 160/2019 (Sugar Tax),"Deferral of the commencement of the Law 160/2019 tax on the consumption of sweetened non-alcoholic beverages (sugar tax) from 1st July 2024 rather than 1st January 2024. The tax on the consumption of non-alcoholic beverages is established, referred to as ""sweetened beverages.""Sweetened beverages mean finished products and products prepared to be used as such after dilution, falling within NC codes 2009 and 2202 of the European Union combined nomenclature, conditioned for sale, intended for human consumption, obtained by the addition of sweeteners and having an alcoholic strength by volume of less than or equal to 1.2 percent. For the purposes of paragraphs 661 to 676, a sweetener means any substance, whether natural or synthetic, capable of imparting a sweet taste to beverages.",sugar tax; nutrition; health; obesity; diet,,2024.0,,Balanced and sufficient diets for all EU citizens,Reduced economic and social burden of diet related diseases,Society at large |  Consumers |,Regulation and self-regulation,Food industry,Italy,National,MINISTRY OF ECONOMY AND FINANCE,https://www.gazzettaufficiale.it/atto/serie_generale/caricaDettaglioAtto/originario?atto.dataPubblicazioneGazzetta=2024-01-18&atto.codiceRedazionale=24A00001&elenco30giorni=false |  https://www.gazzettaufficiale.it/eli/id/2019/12/30/19G00165/sg |  https://www.gazzettaufficiale.it/eli/id/2021/05/27/21A03190/sg | ,,"law n. 213/2023 updated on theoretical law 160/2019 (sugar tax) deferral of the commencement of the law 160/2019 tax on the consumption of sweetened non-alcoholic beverages (sugar tax) from 1st july 2024 rather than 1st january 2024. the tax on the consumption of non-alcoholic beverages is established, referred to as ""sweetened beverages.""sweetened beverages mean finished products and products prepared to be used as such after dilution, falling within nc codes 2009 and 2202 of the european union combined nomenclature, conditioned for sale, intended for human consumption, obtained by the addition of sweeteners and having an alcoholic strength by volume of less than or equal to 1.2 percent. for the purposes of paragraphs 661 to 676, a sweetener means any substance, whether natural or synthetic, capable of imparting a sweet taste to beverages. sugar tax; nutrition; health; obesity; diet balanced and sufficient diets for all eu citizens reduced economic and social burden of diet related diseases",True
514,Nourishing,LAW n° 2018-938; Egalim law,"Article 24 of Law No. 2018-938 of October 30, 2018 (Egalim Law) was introduced in January 1, 2022 and states that 50% of products served in canteens have to be sustainable or high-quality products, of which 20% from organic farming. quality criteria. By January 1st, 2024, 60% of fish and meat products will have to be sustainable or high-quality products.Since November 2019 a weekly vegetarian meal has been mandatory in school catering, and since January 2023, a daily vegetarian option has been mandatory in collective catering of the State, its public establishments and national public companies. Recommendations for these meals encourage dishes based on vegetables, legumes or whole grains.",children; foodstuff; diet; education; canteen; food services; sustainability,,2022.0,,Reduced environmental impact,Climate,Society at large |  Consumers |,Regulation and self-regulation,School food services,France,National,French Ministry of Agriculture and Food,https://agriculture.gouv.fr/telecharger/129983?token=326e340676b6a9adc592b61f41446fd3d4f76679dbd56be9bd3586a8c1364e0a,,"law n° 2018-938; egalim law article 24 of law no. 2018-938 of october 30, 2018 (egalim law) was introduced in january 1, 2022 and states that 50% of products served in canteens have to be sustainable or high-quality products, of which 20% from organic farming. quality criteria. by january 1st, 2024, 60% of fish and meat products will have to be sustainable or high-quality products.since november 2019 a weekly vegetarian meal has been mandatory in school catering, and since january 2023, a daily vegetarian option has been mandatory in collective catering of the state, its public establishments and national public companies. recommendations for these meals encourage dishes based on vegetables, legumes or whole grains. children; foodstuff; diet; education; canteen; food services; sustainability reduced environmental impact climate",True
463,Nourishing,Law no. 123/2008 for a healthy diet in pre-university education units,"Legislation introduced in Romania in 2008 sets maximum amounts for sugar, fat and salt in food sold in schools and pre-schools (Ministerial Order 1563/2008); the maximum levels amount to 15g sugar, 20g fat and 1.5g salt or 0.6g sodium per 100g of a food product. Soft drinks are prohibited and drinking water must be accessible. The Ministry of Public Health is in charge of the list of foods not recommended for preschoolers and schoolchildren, according to the recommendations of nutrition specialists. The preparation, sale and distribution of any foods contained in the list. This law includes both primary and secondary school children and they will receive 1 hour a week in nutrition education. A nutrient profile model is used to determine which healthy foods to promote.",sugar; fat; salt; junk food; children; health; education; canteen; diet,,2008.0,,Balanced and sufficient diets for all EU citizens,Reduced economic and social burden of diet related diseases,Consumers,Regulation and self-regulation,School food services,Romania,National,GOVERNMENT OF ROMANIA,https://anpc.ro/anpcftp/anpc_junior/ordin_1563_150218.pdf |  https://data.worldobesity.org/country/romania-178/actions.pdf | ,,"law no. 123/2008 for a healthy diet in pre-university education units legislation introduced in romania in 2008 sets maximum amounts for sugar, fat and salt in food sold in schools and pre-schools (ministerial order 1563/2008); the maximum levels amount to 15g sugar, 20g fat and 1.5g salt or 0.6g sodium per 100g of a food product. soft drinks are prohibited and drinking water must be accessible. the ministry of public health is in charge of the list of foods not recommended for preschoolers and schoolchildren, according to the recommendations of nutrition specialists. the preparation, sale and distribution of any foods contained in the list. this law includes both primary and secondary school children and they will receive 1 hour a week in nutrition education. a nutrient profile model is used to determine which healthy foods to promote. sugar; fat; salt; junk food; children; health; education; canteen; diet balanced and sufficient diets for all eu citizens reduced economic and social burden of diet related diseases",True
75,Nourishing,Law No. 2004-806 on public health policy (Art.30),Pay and food vending machines accessible to students are prohibited in schools,prevention; health; soda; snacks; junk food; sugar; fat; control;,,2004.0,2004.0,Balanced and sufficient diets for all EU citizens,Reduced economic and social burden of diet related diseases,Consumers,Regulation and self-regulation,Education sector,France,National,French Government,https://www.legifrance.gouv.fr/affichTexte.do?cidTexte=JORFTEXT000000787078&categorieLien=cid,,law no. 2004-806 on public health policy (art.30) pay and food vending machines accessible to students are prohibited in schools prevention; health; soda; snacks; junk food; sugar; fat; control; balanced and sufficient diets for all eu citizens reduced economic and social burden of diet related diseases,True
462,Nourishing,Law No. 81025/2013,"Ministerial Decision, regarding the foods that are allowed to be sold in school canteens; sugar sweetened beverages are banned in all school premises. All soft drink are not allowed. Fruit juices, milk drinks and hot beverages (such as tea) are allowed, but only without added sugars.",children; foodstuff; obesity; overweight; diet; education; canteen; food services; awareness; health; control,,2013.0,,Balanced and sufficient diets for all EU citizens,Reduced economic and social burden of diet related diseases,Consumers,Regulation and self-regulation,School food services,Greece,National,Greek Department of Public Health and Department of Nutrition,,,"law no. 81025/2013 ministerial decision, regarding the foods that are allowed to be sold in school canteens; sugar sweetened beverages are banned in all school premises. all soft drink are not allowed. fruit juices, milk drinks and hot beverages (such as tea) are allowed, but only without added sugars. children; foodstuff; obesity; overweight; diet; education; canteen; food services; awareness; health; control balanced and sufficient diets for all eu citizens reduced economic and social burden of diet related diseases",True
145,SCAR,Law on safety of food and feed,"This law provides the basis for ensuring a high level of protection of public health and consumers' interests with regard to food, taking into account the diversity of food sources, ensuring the efficient functioning of the national market.",processing; distribution; feed; nutrition; control; risk; disease; prevention;,,2004.0,2004.0,Food safety,Reduced economic and social burden of food-borne diseases,Consumers,Regulation and self-regulation,Industry-based research,Romania,National,Romanian government,http://legislatie.just.ro/Public/DetaliiDocument/77221,,"law on safety of food and feed this law provides the basis for ensuring a high level of protection of public health and consumers' interests with regard to food, taking into account the diversity of food sources, ensuring the efficient functioning of the national market. processing; distribution; feed; nutrition; control; risk; disease; prevention; food safety reduced economic and social burden of food-borne diseases",True
61,Nourishing,Law on school nutrition,Dietary guidelines for school nutrition: it regulates the organization of school meals for students.,children; foodstuff; marketing; obesity; overweight; diet; education; canteen; food services; recommendation; health;,,2013.0,2013.0,Balanced and sufficient diets for all EU citizens,Reduced economic and social burden of diet related diseases,Consumers,Regulation and self-regulation,School food services,Slovenia,National,"Slovenian Ministry of education, science and sport",http://pisrs.si/Pis.web/pregledPredpisa?id=ZAKO6564,,law on school nutrition dietary guidelines for school nutrition: it regulates the organization of school meals for students. children; foodstuff; marketing; obesity; overweight; diet; education; canteen; food services; recommendation; health; balanced and sufficient diets for all eu citizens reduced economic and social burden of diet related diseases,True
34,Nourishing,Law on the circulation of energy drinks,"The law prohibits the sale of energy drinks to minors, regulates energy drinks display at retail outlets, regulates the advertising of energy drinks",ban; soda; sugar; shop; health; diet; nutrition;,,2016.0,2016.0,Balanced and sufficient diets for all EU citizens,Reduced economic and social burden of diet related diseases,Consumers,Regulation and self-regulation,Food industry,Latvia,National,"Latvian Ministry of Health, Consumer rights protection center",https://likumi.lv/doc.php?id=280078,,"law on the circulation of energy drinks the law prohibits the sale of energy drinks to minors, regulates energy drinks display at retail outlets, regulates the advertising of energy drinks ban; soda; sugar; shop; health; diet; nutrition; balanced and sufficient diets for all eu citizens reduced economic and social burden of diet related diseases",True
17,Nourishing,Less salt is healthier,reduce the salt content in bread and certain pastries by 15% by 2015,recommendation; health; nutrition;,,2011.0,2011.0,Balanced and sufficient diets for all EU citizens,Reduced economic and social burden of diet related diseases,Consumers,Food and agricultural standards (voluntary),Food industry,Austria,National,Austrian ministry of Health,https://www.wko.at/branchen/gewerbe-handwerk/lebensmittelgewerbe/baecker/weniger-salz-ist-gesuender.html,,less salt is healthier reduce the salt content in bread and certain pastries by 15% by 2015 recommendation; health; nutrition; balanced and sufficient diets for all eu citizens reduced economic and social burden of diet related diseases,True
235,SCAR,Limit for pesticide residues in baby foods,Pesticides listed in Annex I shall not be used in agricultural products intended for the manufacture of baby foods.,ban; regulation; nutrition; control; risk; disease; prevention; environment; infant; formula; children;,,2007.0,2007.0,Food safety,Reduced economic and social burden of food-borne diseases,Consumers,Food and agricultural standards,Farmers |  Food industry |,Finland,National,Finnish Ministry of Trade and Industry,http://www.finlex.fi/fi/laki/alkup/2007/20071215,,limit for pesticide residues in baby foods pesticides listed in annex i shall not be used in agricultural products intended for the manufacture of baby foods. ban; regulation; nutrition; control; risk; disease; prevention; environment; infant; formula; children; food safety reduced economic and social burden of food-borne diseases,True
90,Nourishing,Limits for salt content in bread,Limits for salt content for bread and some other bakery products,recommendation; health; nutrition; production; shop;,,2012.0,2012.0,Balanced and sufficient diets for all EU citizens,Reduced economic and social burden of diet related diseases,Consumers,Regulation and self-regulation,Food industry,Hungary,National,Hungarian Government,https://www.aesan.gob.es/AECOSAN/docs/documentos/nutricion/observatorio/encuesta_estados_miembros_sal.pdf,,limits for salt content in bread limits for salt content for bread and some other bakery products recommendation; health; nutrition; production; shop; balanced and sufficient diets for all eu citizens reduced economic and social burden of diet related diseases,True
91,Nourishing,Limits for salt content in bread,Limits for salt content for bread,recommendation; health; nutrition; production; shop;,,2012.0,2012.0,Balanced and sufficient diets for all EU citizens,Reduced economic and social burden of diet related diseases,Consumers,Regulation and self-regulation,Food industry,Netherlands,National,"Dutch Ministry of Health, Welfare and Sport",https://www.ebic.info/en/dossier/dossier-zoutreductie/political-pressure-on-industry-to-reduce-salt,,limits for salt content in bread limits for salt content for bread recommendation; health; nutrition; production; shop; balanced and sufficient diets for all eu citizens reduced economic and social burden of diet related diseases,True
31,Nourishing,Little Heart logo,voluntary logo for pre-packed food and canteen menus that meet specific requirements and are considered to have a preventive effect on cardiovascular health,information; awareness; labelling; logo; nutrients; diet; health; children; foodstuff; knowledge; nutrition;,,1993.0,1993.0,Balanced and sufficient diets for all EU citizens,Reduced economic and social burden of diet related diseases,Consumers,Labelling measure,Food industry,Slovenia,National,"Society for Cardiovascular Health, Slovenian Ministry of Health",http://zasrce.si/i59/,,little heart logo voluntary logo for pre-packed food and canteen menus that meet specific requirements and are considered to have a preventive effect on cardiovascular health information; awareness; labelling; logo; nutrients; diet; health; children; foodstuff; knowledge; nutrition; balanced and sufficient diets for all eu citizens reduced economic and social burden of diet related diseases,True
483,Nourishing,Management of the overweight or obese patient in primary care,"The Clinical guidelines for management of overweight or obese patients in primary care recommends lifestyle changes such as individual or group counselling (two sessions a month) for children and adults who are overweight and their families. Parents are encouraged to join as this is more effective in the long term than short term interventions with the children alone. During the counselling sessions, nutrition recommendations are provided with reference to the current national guidelines.",health; mental health; prevention; consuelling; children; diet; nutrition; obesity; overweight,,2014.0,,Balanced and sufficient diets for all EU citizens,Reduced economic and social burden of diet related diseases,Society at large,Education measure,Consumers,Estonia,National,,,,"management of the overweight or obese patient in primary care the clinical guidelines for management of overweight or obese patients in primary care recommends lifestyle changes such as individual or group counselling (two sessions a month) for children and adults who are overweight and their families. parents are encouraged to join as this is more effective in the long term than short term interventions with the children alone. during the counselling sessions, nutrition recommendations are provided with reference to the current national guidelines. health; mental health; prevention; consuelling; children; diet; nutrition; obesity; overweight balanced and sufficient diets for all eu citizens reduced economic and social burden of diet related diseases",True
107,Nourishing,Mandatory health message in advertisement,"Mandatory health messages in advertising of processed food and drinks, and food and drinks with added sugar, fats, and salt.",information; awareness; labelling; logo; nutrients; diet; health; children; foodstuff; knowledge; nutrition; transparency;,,2007.0,2007.0,Balanced and sufficient diets for all EU citizens,Reduced economic and social burden of diet related diseases,Consumers,Information measure,Media,France,National,French Ministry of Health and Solidarity and  Ministry of Agriculture and Fisheries,http://inpes.santepubliquefrance.fr/70000/cp/08/cp080204.asp |  https://www.legifrance.gouv.fr/affichTexte.do?cidTexte=JORFTEXT000000426255&categorieLien=id | ,,"mandatory health message in advertisement mandatory health messages in advertising of processed food and drinks, and food and drinks with added sugar, fats, and salt. information; awareness; labelling; logo; nutrients; diet; health; children; foodstuff; knowledge; nutrition; transparency; balanced and sufficient diets for all eu citizens reduced economic and social burden of diet related diseases",True
98,Nourishing,Mandatory limits for salt content,"Mandatory maximum level of salt in bread, milk, meat and poultry products",health; nutrition; production; farmers;,,2011.0,2011.0,Balanced and sufficient diets for all EU citizens,Reduced economic and social burden of diet related diseases,Consumers,Regulation and self-regulation,Food industry,Bulgaria,National,Bulgarian government,https://extranet.who.int/nutrition/gina/en/node/43880,,"mandatory limits for salt content mandatory maximum level of salt in bread, milk, meat and poultry products health; nutrition; production; farmers; balanced and sufficient diets for all eu citizens reduced economic and social burden of diet related diseases",True
99,Nourishing,Maximum limits of salt content in bread,Mandatory maximum level of salt in bread,health; nutrition; production; shop;,,2009.0,2009.0,Balanced and sufficient diets for all EU citizens,Reduced economic and social burden of diet related diseases,Consumers,Regulation and self-regulation,Food industry,Portugal,National,Portuguese Ministry of Health,http://www.asae.gov.pt/seguranca-alimentar/informacoes-sobre-actividades-economicas-na-area-alimentar/pao.aspx,,maximum limits of salt content in bread mandatory maximum level of salt in bread health; nutrition; production; shop; balanced and sufficient diets for all eu citizens reduced economic and social burden of diet related diseases,True
102,Nourishing,Maximum limits of trans fatty acids in foodstuffs,"Regulation on the maximum permissible quantities of trans fatty acids in foodstuffs, the conditions for the marketing and control of trans fatty acids and the monitoring of trans fatic acid in the population",health; nutrition; production; shop;,,2013.0,2013.0,Balanced and sufficient diets for all EU citizens,Reduced economic and social burden of diet related diseases,Consumers,Regulation and self-regulation,Food industry,Hungary,National,Hungarian Government,http://portal.nebih.gov.hu/-/tajekoztato-a-transz-zsirsavakrol |  https://net.jogtar.hu/jogszabaly?docid=A1300071.EMM&celpara=#xcelparam |  https://portal.nebih.gov.hu/documents/10182/406632/4-6-4_Transzzs%C3%ADrsavak.pdf/e289ba45-3002-44cf-b4a6-6878713f46f8 | ,,"maximum limits of trans fatty acids in foodstuffs regulation on the maximum permissible quantities of trans fatty acids in foodstuffs, the conditions for the marketing and control of trans fatty acids and the monitoring of trans fatic acid in the population health; nutrition; production; shop; balanced and sufficient diets for all eu citizens reduced economic and social burden of diet related diseases",True
109,Nourishing,Memorandum of Cooperation on the advertising of soft drinks to children,Changes in the advertising of soft-drinks to children,soda; health; media; school; nutrition; diet;,,2011.0,2011.0,Balanced and sufficient diets for all EU citizens,Reduced economic and social burden of diet related diseases,Consumers,Regulation and self-regulation,Media,Latvia,National,Latvian Ministry of Health and Federation of Latvian Food Operators,https://policydatabase.wcrf.org/level_one?page=nourishing-level-one#step2=3#step3=313 |  https://vm.ee/en/newsletter/estonian-latvian-it-associations-sign-memorandum-cooperation | ,,memorandum of cooperation on the advertising of soft drinks to children changes in the advertising of soft-drinks to children soda; health; media; school; nutrition; diet; balanced and sufficient diets for all eu citizens reduced economic and social burden of diet related diseases,True
88,Nourishing,National Agreement to Improve Product Composition,"The purpose of the National Agreement To Improve Product Composition is to reduce the salt, unsaturated fat and calorie content (sugar and fat) of products. This will result in a healthier range of products.",health; nutrition; business; food companies; consumer;,,2014.0,2020.0,Balanced and sufficient diets for all EU citizens,Reduced economic and social burden of diet related diseases,Consumers,Food and agricultural standards (voluntary),Food industry,Netherlands,National,"Dutch Ministry of Health, Welfare and Sport and food industry and retail associations","https://www.akkoordverbeteringproductsamenstelling.nl/en#:~:text=The%20purpose%20of%20the%20National,a%20healthier%20range%20of%20products.",,"national agreement to improve product composition the purpose of the national agreement to improve product composition is to reduce the salt, unsaturated fat and calorie content (sugar and fat) of products. this will result in a healthier range of products. health; nutrition; business; food companies; consumer; balanced and sufficient diets for all eu citizens reduced economic and social burden of diet related diseases",True
488,Nourishing,National Guideline for Food and Meals in Schools,"The National Guideline for Food and Meals in Schools were published in 2015, as a revision of the Guidelines for the School Meal of 2003, but with more details and containing new recommendations. The guidelines are voluntary and include recommendations on the implementation of the meal (meal time, supervision, physical and social arrangements), the nutritional quality of the food and drink offered, food safety and hygiene, and environmental considerations. Specific recommendations are made for primary schools and the after-school programs; secondary schools; and high school. Separate guidelines for kindergartens were also published, which mirror the principles outlines above, but adapt them for younger children.",children; foodstuff; marketing; obesity; overweight; diet; education; canteen; food services; recommendation; health;,,2015.0,2015.0,Balanced and sufficient diets for all EU citizens,Reduced economic and social burden of diet related diseases,Consumers,Food and agricultural standards (voluntary),SMEs,Norway,National,Norwegian Directorate of Health,https://www.helsedirektoratet.no/produkter?tema=retningslinje |  https://www.regjeringen.no/contentassets/fab53cd681b247bfa8c03a3767c75e66/norwegian_national_action_plan_for_a_healthier_diet_an_outline.pdf | ,,"national guideline for food and meals in schools the national guideline for food and meals in schools were published in 2015, as a revision of the guidelines for the school meal of 2003, but with more details and containing new recommendations. the guidelines are voluntary and include recommendations on the implementation of the meal (meal time, supervision, physical and social arrangements), the nutritional quality of the food and drink offered, food safety and hygiene, and environmental considerations. specific recommendations are made for primary schools and the after-school programs; secondary schools; and high school. separate guidelines for kindergartens were also published, which mirror the principles outlines above, but adapt them for younger children. children; foodstuff; marketing; obesity; overweight; diet; education; canteen; food services; recommendation; health; balanced and sufficient diets for all eu citizens reduced economic and social burden of diet related diseases",True
77,Nourishing,National guidelines for the school catering,The aim is to facilitate the adoption of correct eating habits for health promotion and the prevention of chronic-degenerative diseases.,children; foodstuff; marketing; obesity; overweight; diet; education; canteen; food services; recommendation; health;,,2010.0,2010.0,Balanced and sufficient diets for all EU citizens,Reduced economic and social burden of diet related diseases,Consumers,Food and agricultural standards (voluntary),School food services,Italy,National,Italian Ministry of Health,https://www.salute.gov.it/imgs/C_17_pubblicazioni_1248_allegato.pdf,,national guidelines for the school catering the aim is to facilitate the adoption of correct eating habits for health promotion and the prevention of chronic-degenerative diseases. children; foodstuff; marketing; obesity; overweight; diet; education; canteen; food services; recommendation; health; balanced and sufficient diets for all eu citizens reduced economic and social burden of diet related diseases,True
505,Nourishing,National Planning Policy Framework,"The National Planning Policy Framework sets out that planning policies and decisions should aim to achieve healthy, inclusive and safe places which enable and support healthy lifestyles, including through access to healthier food. National planning guidance enable local authorities to limit the opening of new hot food takeaways close to schools and in areas of over-concentration and high obesity rates where supported by evidence. Local planning policies and guidance to control the over-concentration and proliferation of hot food takeaways should form part of a local authority-wide approach for tackling obesity and should involve a range of different departments and stakeholders.",children; fastfood; junk; schools; health,,2019.0,,Balanced and sufficient diets for all EU citizens,Reduced economic and social burden of diet related diseases,Consumers,Food and agricultural standards (voluntary),Consumers |  Food industry |  Food services |,UK,National,"UK MINISTRY OF HOUSING, COMMUNITIES AND LOCAL GOVERNMENT",https://assets.publishing.service.gov.uk/government/uploads/system/uploads/attachment_data/file/810197/NPPF_Feb_2019_revised.pdf,,"national planning policy framework the national planning policy framework sets out that planning policies and decisions should aim to achieve healthy, inclusive and safe places which enable and support healthy lifestyles, including through access to healthier food. national planning guidance enable local authorities to limit the opening of new hot food takeaways close to schools and in areas of over-concentration and high obesity rates where supported by evidence. local planning policies and guidance to control the over-concentration and proliferation of hot food takeaways should form part of a local authority-wide approach for tackling obesity and should involve a range of different departments and stakeholders. children; fastfood; junk; schools; health balanced and sufficient diets for all eu citizens reduced economic and social burden of diet related diseases",True
169,SCAR,"National Research Programmes
 - Healthy and Safe Food","The programme is designed to comprehensively research the storage, transportation and processing of food products. The results of the research should become the basis for improving the biological value of food, developing new food products as well as supply of safe and wholesome food.",hygiene; control; risk; consumer; import; nutrition; research; funding; competitiveness;,,2011.0,2015.0,Food safety,Reduced economic and social burden of food-borne diseases,Consumers,R&I economic,Research sector,Lithuania,National,Lithuanian Ministry of Education and Science,https://www.e-tar.lt/portal/lt/legalAct/TAR.0914434AACFF/BGKBTMarCm |  https://www.lmt.lt/en/competitive-research-funding/national-research-programmes/787 | ,,"national research programmes
 - healthy and safe food the programme is designed to comprehensively research the storage, transportation and processing of food products. the results of the research should become the basis for improving the biological value of food, developing new food products as well as supply of safe and wholesome food. hygiene; control; risk; consumer; import; nutrition; research; funding; competitiveness; food safety reduced economic and social burden of food-borne diseases",True
492,Nourishing,Non-alcoholic beverage tax,"ax is payable on non-alcoholic beverages that are either imported into Norway or produced in Norway.  The tax covers: non-alcoholic beverages with added sugar or artificial sweetener syrup with added sugar or artificial sweetener used in the manufacture of non-alcoholic beverages for sale, in dispensers or similar. No tax is payable on non-alcoholic beverages in powder form.",tax; sugar; beverage; drink; health; import; export,,2020.0,2020.0,Balanced and sufficient diets for all EU citizens,Reduced economic and social burden of diet related diseases,Consumers,Fiscal policy,Food industry,Norway,National,Norwegian Ministry of Finance,https://www.skatteetaten.no/globalassets/bedrift-og-organisasjon/avgifter/saravgifter/alkoholfrie-drikkevarer/2020-alkoholfrie-drikkevarer-ii-juli.pdf,,"non-alcoholic beverage tax ax is payable on non-alcoholic beverages that are either imported into norway or produced in norway.  the tax covers: non-alcoholic beverages with added sugar or artificial sweetener syrup with added sugar or artificial sweetener used in the manufacture of non-alcoholic beverages for sale, in dispensers or similar. no tax is payable on non-alcoholic beverages in powder form. tax; sugar; beverage; drink; health; import; export balanced and sufficient diets for all eu citizens reduced economic and social burden of diet related diseases",True
239,SCAR,Nordic Nutrition Recommendations,set the guidelines for dietary composition and recommended intake for nutrients based on the most recent global scientific research.,health; prevention; lifestyle; diet; nutrition;,,2012.0,2012.0,Balanced and sufficient diets for all EU citizens,Reduced economic and social burden of diet related diseases,Consumers,Information measure,Consumers,Finland,National,Nordic Council of Ministers,https://norden.diva-portal.org/smash/get/diva2:704251/FULLTEXT01.pdf |  https://www.norden.org/en/publication/nordic-nutrition-recommendations-2012 | ,,nordic nutrition recommendations set the guidelines for dietary composition and recommended intake for nutrients based on the most recent global scientific research. health; prevention; lifestyle; diet; nutrition; balanced and sufficient diets for all eu citizens reduced economic and social burden of diet related diseases,True
500,Nourishing,Norwegian Recommendations on Diet and Physical Activity,"Published in 2014 by the Norwegian Directorate of Health, the Norwegian Recommendations on Diet, Nutrition and Physical Activity were developed based on the Nordic Nutrition Recommendations 2012 - integrating nutrition and physical activity (NNR 2012) and the report ‘Food-based dietary guidelines for public health promotion and prevention of chronic diseases – Methodology and scientific evidence’ (2011) published by the Norwegian National Council for Nutrition, an independent body.  The following energy distribution pattern is recommended: 25–40% fat; 10–20% protein; 45–60% carbohydrates. The intake of added sugar should be below 10% of the energy intake and the recommended intake of dietary fibre 25-35 grams per day. The intake of saturated fatty acids should be below 10% of the energy intake. It is recommended to choose low-fat dairy and dairy products, lean meats and meat products, as well as to choose edible oils, liquid margarine and soft margarine spreads instead of hard margarines and butter. The dietary content of polyunsaturated fat should be 5–10% of energy intake, including omega-3 fatty acids from fish. It is recommended to enjoy a varied diet with lots of vegetables, fruit and berries, whole-grain foods and fish, and limited amounts of processed meat, red meat, salt and sugar.",nutrition; health; salt; sugar; fat; protein; fruit; vegetables; fish; meat; diet; guidelines; recommendation,,2014.0,,Balanced and sufficient diets for all EU citizens,Reduced economic and social burden of diet related diseases,Consumers,Food and agricultural standards (voluntary),Consumers |  Food industry |,Norway,National,Norwegian Directorate of Health,https://www.helsedirektoratet.no/brosjyrer/helsedirektoratets-kostrad-brosjyre-og-plakat/Helsedirektoratets%20kostr%C3%A5d%20-%20engelsk.pdf/_/attachment/inline/80f68126-68af-4cec-b2aa-d04069d02471:dcb8efdbe6b6129470ec4969f6639be21a8afd82/Helsedirektoratets%20kostr%C3%A5d%20-%20engelsk.pdf,,"norwegian recommendations on diet and physical activity published in 2014 by the norwegian directorate of health, the norwegian recommendations on diet, nutrition and physical activity were developed based on the nordic nutrition recommendations 2012 - integrating nutrition and physical activity (nnr 2012) and the report ‘food-based dietary guidelines for public health promotion and prevention of chronic diseases – methodology and scientific evidence’ (2011) published by the norwegian national council for nutrition, an independent body.  the following energy distribution pattern is recommended: 25–40% fat; 10–20% protein; 45–60% carbohydrates. the intake of added sugar should be below 10% of the energy intake and the recommended intake of dietary fibre 25-35 grams per day. the intake of saturated fatty acids should be below 10% of the energy intake. it is recommended to choose low-fat dairy and dairy products, lean meats and meat products, as well as to choose edible oils, liquid margarine and soft margarine spreads instead of hard margarines and butter. the dietary content of polyunsaturated fat should be 5–10% of energy intake, including omega-3 fatty acids from fish. it is recommended to enjoy a varied diet with lots of vegetables, fruit and berries, whole-grain foods and fish, and limited amounts of processed meat, red meat, salt and sugar. nutrition; health; salt; sugar; fat; protein; fruit; vegetables; fish; meat; diet; guidelines; recommendation balanced and sufficient diets for all eu citizens reduced economic and social burden of diet related diseases",True
487,Nourishing,Nutri–Score – Belgium,"The Nutri-Score logo was adopted in Belgium as of April 2019. Created in France, the logo is present on the front of the packaging to better inform consumers about the nutritional value of foods. The Nutri-Score is calculated using a scientifically validated method. To obtain the final product score per 100 g or 100 ml, the calculation takes into account elements to promote (the content of fruits and vegetables, legumes, fibres, nuts and proteins)and elements to limit (the content of sugars, salt, saturated fat and calories).",labelling; products; foodstuff; shop; awareness; information; knowledge;,,2019.0,,Balanced and sufficient diets for all EU citizens,Reduced economic and social burden of diet related diseases,Consumers,Labelling measure,Consumers,Belgium,National,Belgian Ministry of Public health and Ministry of Economic Affairs,http://reflex.raadvst-consetat.be/reflex/pdf/Mbbs/2019/04/01/141014.pdf |  https://www.ejustice.just.fgov.be/doc/rech_f.htm |  https://www.health.belgium.be/sites/default/files/uploads/fields/fpshealth_theme_file/faq-updatedalgo-fr_v6_clean.pdf | ,,"nutri–score – belgium the nutri-score logo was adopted in belgium as of april 2019. created in france, the logo is present on the front of the packaging to better inform consumers about the nutritional value of foods. the nutri-score is calculated using a scientifically validated method. to obtain the final product score per 100 g or 100 ml, the calculation takes into account elements to promote (the content of fruits and vegetables, legumes, fibres, nuts and proteins)and elements to limit (the content of sugars, salt, saturated fat and calories). labelling; products; foodstuff; shop; awareness; information; knowledge; balanced and sufficient diets for all eu citizens reduced economic and social burden of diet related diseases",True
6,Nourishing,Nutri-Score labelling,voluntary colour-coded scheme for nutritional quality. Synthetic information system based on colours and letters from green/A to dark orange/E,labelling; products; foodstuff; shop; awareness; information; knowledge;,,2017.0,2017.0,Balanced and sufficient diets for all EU citizens,Reduced economic and social burden of diet related diseases,Consumers,Labelling measure,Food industry,France,National,Santé publique France- French national public health agency,https://www.legifrance.gouv.fr/eli/arrete/2017/10/31/SSAP1730474A/jo/texte |  https://www.santepubliquefrance.fr/Sante-publique-France/Nutri-Score | ,,nutri-score labelling voluntary colour-coded scheme for nutritional quality. synthetic information system based on colours and letters from green/a to dark orange/e labelling; products; foodstuff; shop; awareness; information; knowledge; balanced and sufficient diets for all eu citizens reduced economic and social burden of diet related diseases,True
54,Nourishing,Nutrition online campaign,website to inform on how to eat well,awareness; knowledge; platform; consumer; advice;,,,,Balanced and sufficient diets for all EU citizens,Reduced economic and social burden of diet related diseases,Consumers,Information measure,Consumers,Estonia,National,Estonian National Institute for Health Development,http://toitumine.ee/kuidas-tervislikult-toituda/toidusoovitused/magusad-ja-soolased-naksid/sool,,nutrition online campaign website to inform on how to eat well awareness; knowledge; platform; consumer; advice; balanced and sufficient diets for all eu citizens reduced economic and social burden of diet related diseases,True
43,Nourishing,Nutrition standards for school canteens,"Nutrition standards for food and beverages served in school canteens, also regulating promotion and advertisement of food in schools.",food services; children; infant; awareness; diet; obesity; prevention; health;,,2014.0,2014.0,Balanced and sufficient diets for all EU citizens,Reduced economic and social burden of diet related diseases,Consumers,Regulation and self-regulation,School food services,Poland,National,Polish Ministry of Health,https://parenting.pl/rewolucja-na-szkolnych-stolowkach-od-1-wrzesnia,,"nutrition standards for school canteens nutrition standards for food and beverages served in school canteens, also regulating promotion and advertisement of food in schools. food services; children; infant; awareness; diet; obesity; prevention; health; balanced and sufficient diets for all eu citizens reduced economic and social burden of diet related diseases",True
521,Nourishing,Nutrition training of caterers,"Between 2017 and 2019, the NIJZ carried out a programme on the development of a sustainable model of training for caterers with a proposal to set up a national network of training providers on healthy food preparation. The pilot model of nutrition training will be based on the establishment of training modules for different forms of food providers (kindergartens, schools, nursing homes, hospitals, work organizations), taking into account the specifics of certain dietary guidelines.",nutrition; health; training; food; programme,,2017.0,2019.0,Balanced and sufficient diets for all EU citizens,Reduced economic and social burden of diet related diseases,Society at large,Education measure,Food industry,Slovenia,National,National Institute of Public Health (NIJZ),https://www.sgs.com/en-si/services/food-safety-and-food-hygiene-for-catering-advanced-training-course,,"nutrition training of caterers between 2017 and 2019, the nijz carried out a programme on the development of a sustainable model of training for caterers with a proposal to set up a national network of training providers on healthy food preparation. the pilot model of nutrition training will be based on the establishment of training modules for different forms of food providers (kindergartens, schools, nursing homes, hospitals, work organizations), taking into account the specifics of certain dietary guidelines. nutrition; health; training; food; programme balanced and sufficient diets for all eu citizens reduced economic and social burden of diet related diseases",True
37,Nourishing,Nutritional quality of school meals,Nutritional requirements for food provided in schools.,food services; children; infant; awareness; diet; obesity; prevention; health;,,2011.0,2011.0,Balanced and sufficient diets for all EU citizens,Reduced economic and social burden of diet related diseases,Consumers,Regulation and self-regulation,School food services,France,National,French Ministry of Agriculture and Food,https://www.legifrance.gouv.fr/affichTexte.do?cidTexte=JORFTEXT000024614716&categorieLien=id,,nutritional quality of school meals nutritional requirements for food provided in schools. food services; children; infant; awareness; diet; obesity; prevention; health; balanced and sufficient diets for all eu citizens reduced economic and social burden of diet related diseases,True
65,Nourishing,Nutritional standards for school lunches and other food in schools,Nutritional standards for school lunches and other food in schools.,food services; children; infant; awareness; diet; obesity; prevention; health;,,2007.0,2007.0,Balanced and sufficient diets for all EU citizens,Reduced economic and social burden of diet related diseases,Consumers,Regulation and self-regulation,School food services,UK-Northern Ireland,National,Northern Ireland Government,https://www.education-ni.gov.uk/articles/nutritional-standards,,nutritional standards for school lunches and other food in schools nutritional standards for school lunches and other food in schools. food services; children; infant; awareness; diet; obesity; prevention; health; balanced and sufficient diets for all eu citizens reduced economic and social burden of diet related diseases,True
468,Nourishing,Ordinance on the Right to Subsidised Meals of Students,"Act on Education in Primary and Secondary schools. In December 2022, the Croatian government adopted and put into effect the project of free meals for all elementary school students financed by the state budget. The project started on the second semester of 2022/2023 school year. Meals for the students are co-financed and organized by the owners and founders of the elementary school in cooperation with the school. The founders are appointed 1.33 euros per student for each elementary school student to get at least one free meal. Practices on free school meals may vary across the country as some may be free for beneficiaries of social assistance, unemployed parents, children of disabled people from the Croatian Homeland War, children of deceased Homeland War defenders. Although data are not collected systematically, available information suggests that minimum-income beneficiaries might be exempt from paying school meals in the whole country, if a school provides meals.",food aid; food assistance; social inclusion; school meal; income; support; children,,2022.0,,Balanced and sufficient diets for all EU citizens,Reduced economic and social burden of diet related diseases,Consumers,Income support,School food services,Croatia,National,Government of Croatia,"https://mzo.gov.hr/UserDocsImages/dokumenti/Obrazovanje/ZakonOodgojuIObrazov/Zakon%20o%20odgoju%20i%20obrazovanju%20u%20osnovnoj%20i%20srednjoj%20%C5%A1koli%20(NN,%20br.%2087-08).pdf",,"ordinance on the right to subsidised meals of students act on education in primary and secondary schools. in december 2022, the croatian government adopted and put into effect the project of free meals for all elementary school students financed by the state budget. the project started on the second semester of 2022/2023 school year. meals for the students are co-financed and organized by the owners and founders of the elementary school in cooperation with the school. the founders are appointed 1.33 euros per student for each elementary school student to get at least one free meal. practices on free school meals may vary across the country as some may be free for beneficiaries of social assistance, unemployed parents, children of disabled people from the croatian homeland war, children of deceased homeland war defenders. although data are not collected systematically, available information suggests that minimum-income beneficiaries might be exempt from paying school meals in the whole country, if a school provides meals. food aid; food assistance; social inclusion; school meal; income; support; children balanced and sufficient diets for all eu citizens reduced economic and social burden of diet related diseases",True
80,Nourishing,"Organization of catering in pre-school education, general education schools and children's social care institutions",Regulation on food offered in schools.,food services; children; infant; awareness; diet; obesity; prevention; health;,,2011.0,2011.0,Balanced and sufficient diets for all EU citizens,Reduced economic and social burden of diet related diseases,Consumers,Regulation and self-regulation,School food services,Lithuania,National,Lithuanian Ministry of Health,https://e-seimas.lrs.lt/portal/legalAct/lt/TAD/TAIS.411986,,"organization of catering in pre-school education, general education schools and children's social care institutions regulation on food offered in schools. food services; children; infant; awareness; diet; obesity; prevention; health; balanced and sufficient diets for all eu citizens reduced economic and social burden of diet related diseases",True
67,Nourishing,Our School Buffet,"Initiative to improve the catering offer for children and adolescents at the school buffet.  An offer that is based on nutritional recommendations, meets physiological needs and supports health-promoting nutritional behavior.",food services; children; infant; awareness; diet; obesity; prevention; health;,,2012.0,2012.0,Balanced and sufficient diets for all EU citizens,Reduced economic and social burden of diet related diseases,Consumers,Food and agricultural standards (voluntary),School food services,Austria,National,Austrian Federal Ministry of Health and Women's affairs,https://rm.coe.int/16806c2fad,,"our school buffet initiative to improve the catering offer for children and adolescents at the school buffet.  an offer that is based on nutritional recommendations, meets physiological needs and supports health-promoting nutritional behavior. food services; children; infant; awareness; diet; obesity; prevention; health; balanced and sufficient diets for all eu citizens reduced economic and social burden of diet related diseases",True
495,Nourishing,Partnership for a healthier diet,"The overall goal is to increase the proportion of the population who has a balanced diet in accordance with the dietary guidelines, and to contribute to achieve the targets of World Health Organization for reduction in premature mortality from noncommunicable diseases by 25 percent within 2025. A long-term perspective is necessary to achieve the desired changes. This partnership can contribute to achieving the national objectives of public health in Norway.",WHO; health; mortality; disease; diet; guidelines; prevention; recommendation; awareness; partnership,,2016.0,2021.0,Balanced and sufficient diets for all EU citizens,Reduced economic and social burden of diet related diseases,Consumers,Food and agricultural standards (voluntary),Food industry,Norway,National,Norwegian Directorate of Health,https://www.helsedirektoratet.no/english/partnership-for-a-healthier-diet |  https://www.helsedirektoratet.no/tema/kosthold-og-ernaering/matbransje-serveringsmarked-og-arbeidsliv/intensjonsavtalen-for-et-sunnere-kosthold/Intensjonsavtale%20om%20sunnere%20kosthold%207%20juni%202018.pdf/_/attachment/inline/64a6c56f-de72-4dd5-8f76-5cb162ac584f:fc56be7eff8334abf488a17916910e7228f99c43/Intensjonsavtale%20om%20sunnere%20kosthold%207%20juni%202018.pdf | ,,"partnership for a healthier diet the overall goal is to increase the proportion of the population who has a balanced diet in accordance with the dietary guidelines, and to contribute to achieve the targets of world health organization for reduction in premature mortality from noncommunicable diseases by 25 percent within 2025. a long-term perspective is necessary to achieve the desired changes. this partnership can contribute to achieving the national objectives of public health in norway. who; health; mortality; disease; diet; guidelines; prevention; recommendation; awareness; partnership balanced and sufficient diets for all eu citizens reduced economic and social burden of diet related diseases",True
528,Nourishing,Procurement rules for meals in public institutions,"As part of an update to the National Program on Nutrition and Physical Activity for Health 2015-2025 (ReNPPTDZ) there is an intention to establish a food procurement system that takes into account short chains and the principles of green public procurement, adapted to educational establishments in terms of simplification and better efficiency.",procurement; food provision; nutrition; environment; education; efficiency,,2015.0,2025.0,Reduced environmental impact,Resource efficiency and waste management,Consumers,Procurement,Public Authorities,Slovenia,National,Slovenian government,,,"procurement rules for meals in public institutions as part of an update to the national program on nutrition and physical activity for health 2015-2025 (renpptdz) there is an intention to establish a food procurement system that takes into account short chains and the principles of green public procurement, adapted to educational establishments in terms of simplification and better efficiency. procurement; food provision; nutrition; environment; education; efficiency reduced environmental impact resource efficiency and waste management",True
21,Nourishing,Prohibition on the unlimited provision of drinks with added sugars or sweeteners,"free access to sweetened or sweetened beverages at all times is prohibited in all public dining places and minors' places of reception. This ban will help to reduce the obesity and overweight of the French population, especially young people, and prevent the risk of chronic diseases.",disincentive; retail; children; junk food; soda; sugar; energy; prevention; health;,,2017.0,2017.0,Balanced and sufficient diets for all EU citizens,Reduced economic and social burden of diet related diseases,Consumers,Regulation and self-regulation,Food services,France,National,French ministry of solidarity and health,https://www.legifrance.gouv.fr/loda/id/JORFTEXT000033922943,,"prohibition on the unlimited provision of drinks with added sugars or sweeteners free access to sweetened or sweetened beverages at all times is prohibited in all public dining places and minors' places of reception. this ban will help to reduce the obesity and overweight of the french population, especially young people, and prevent the risk of chronic diseases. disincentive; retail; children; junk food; soda; sugar; energy; prevention; health; balanced and sufficient diets for all eu citizens reduced economic and social burden of diet related diseases",True
225,SCAR,Promotional campaign #megustalaleche,Promotional actions for the consumption of milk and milk products,information; awareness; knowledge; dairy; media; advertisement;,,,,Balanced and sufficient diets for all EU citizens,Reduced economic and social burden of diet related diseases,Consumers,Information measure,Consumers,Spain,National,"Spanish Ministry of Agriculture and Fisheries, Food and Environment",http://www.mapama.gob.es/es/megustalaleche/presentacion.aspx,,promotional campaign #megustalaleche promotional actions for the consumption of milk and milk products information; awareness; knowledge; dairy; media; advertisement; balanced and sufficient diets for all eu citizens reduced economic and social burden of diet related diseases,True
509,Nourishing,Public Health England's Weight Management Collection,"Public Health England's Weight Management Collection are a set of guides and tools based on evidence and practice. They support commissioners and providers of tier 2 (time limited) weight management services for children and their families, and adults. They include local authorities, clinical commissioning groups, NHS institutions  and providers of weight management services.",behaviour; children; health; family; adult; KPI; indicator; child,,2017.0,,Balanced and sufficient diets for all EU citizens,Reduced economic and social burden of diet related diseases,Society at large |  Consumers |,Food and agricultural standards (voluntary),Public Authorities,UK,National,UK Public Health England,https://www.gov.uk/government/collections/weight-management-guidance-for-commissioners-and-providers,,"public health england's weight management collection public health england's weight management collection are a set of guides and tools based on evidence and practice. they support commissioners and providers of tier 2 (time limited) weight management services for children and their families, and adults. they include local authorities, clinical commissioning groups, nhs institutions  and providers of weight management services. behaviour; children; health; family; adult; kpi; indicator; child balanced and sufficient diets for all eu citizens reduced economic and social burden of diet related diseases",True
45,Nourishing,Public Health Product Tax,"The tax applies to certain categories of pre-packed food containing salt, sugar or caffeine exceeding a threshold level. The aim of the policy is to improve the health of the population.",disincentive; retail; children; junk food; soda; sugar; energy; prevention; health;,,2011.0,2011.0,Balanced and sufficient diets for all EU citizens,Reduced economic and social burden of diet related diseases,Consumers,Fiscal policy,Food industry,Hungary,National,"Hungarian Ministry of Health, Ministry of Finance",http://www.euro.who.int/__data/assets/pdf_file/0004/287095/Good-practice-brief-public-health-product-tax-in-hungary.pdf,,"public health product tax the tax applies to certain categories of pre-packed food containing salt, sugar or caffeine exceeding a threshold level. the aim of the policy is to improve the health of the population. disincentive; retail; children; junk food; soda; sugar; energy; prevention; health; balanced and sufficient diets for all eu citizens reduced economic and social burden of diet related diseases",True
33,Nourishing,Public Health Responsibility Deal - Out of Home Calorie Labelling,"Out of home calorie labelling aims to inform and empower people to make healthier choices more often when eating out, as well as encouraging food businesses to make healthier options more available. Businesses voluntary provide calorie information for customers on menus or menu boards.",information; awareness; advice; food services; retail; supermarket; shop; lifestyle; health; nutrition; diet;,,2011.0,2015.0,Balanced and sufficient diets for all EU citizens,Reduced economic and social burden of diet related diseases,Consumers,Labelling measure,Food services,UK,National,UK department of Health,http://webarchive.nationalarchives.gov.uk/20180201180712/https://responsibilitydeal.dh.gov.uk/f1-factsheet/,,"public health responsibility deal - out of home calorie labelling out of home calorie labelling aims to inform and empower people to make healthier choices more often when eating out, as well as encouraging food businesses to make healthier options more available. businesses voluntary provide calorie information for customers on menus or menu boards. information; awareness; advice; food services; retail; supermarket; shop; lifestyle; health; nutrition; diet; balanced and sufficient diets for all eu citizens reduced economic and social burden of diet related diseases",True
22,Nourishing,Public Health Responsibility Deal - Salt reduction (Caterers),"pledges specific to caterers as part of the Responsibility Deal, in a bid to enable caterers and their suppliers to play a fuller part in salt reduction.  Three separate pledges focus on three key areas (training and kitchen practice, reformulation, and procurement)",recommendation; plan; nutrition; diet; health; retailer; catering; awareness;,,2011.0,2015.0,Balanced and sufficient diets for all EU citizens,Reduced economic and social burden of diet related diseases,Consumers,Food and agricultural standards (voluntary),Food services,UK,National,UK department of Health,http://webarchive.nationalarchives.gov.uk/20180201175643/https://responsibilitydeal.dh.gov.uk/ |  http://webarchive.nationalarchives.gov.uk/20180201181150/https://responsibilitydeal.dh.gov.uk/pledges/pledge/?pl=42 | ,,"public health responsibility deal - salt reduction (caterers) pledges specific to caterers as part of the responsibility deal, in a bid to enable caterers and their suppliers to play a fuller part in salt reduction.  three separate pledges focus on three key areas (training and kitchen practice, reformulation, and procurement) recommendation; plan; nutrition; diet; health; retailer; catering; awareness; balanced and sufficient diets for all eu citizens reduced economic and social burden of diet related diseases",True
97,Nourishing,Public Health Responsibility Deal -Food industry pledges on calories reduction,Pledges by the Food industry to reformulate products to reduce calories,recommendation; plan; nutrition; diet; health; retailer; catering; awareness;,,2011.0,2015.0,Balanced and sufficient diets for all EU citizens,Reduced economic and social burden of diet related diseases,Consumers,Food and agricultural standards (voluntary),Food industry,UK,National,UK department of Health,http://webarchive.nationalarchives.gov.uk/20180201180608/https://responsibilitydeal.dh.gov.uk/pledges/pledge/?pl=23,,public health responsibility deal -food industry pledges on calories reduction pledges by the food industry to reformulate products to reduce calories recommendation; plan; nutrition; diet; health; retailer; catering; awareness; balanced and sufficient diets for all eu citizens reduced economic and social burden of diet related diseases,True
96,Nourishing,Public Health Responsibility Deal -Food industry pledges on nutritional content,"Pledges by the Food industry to reformulate products to reduce salt, saturated fats and trans fats",recommendation; plan; nutrition; diet; health; retailer; catering; awareness;,,2011.0,2015.0,Balanced and sufficient diets for all EU citizens,Reduced economic and social burden of diet related diseases,Consumers,Food and agricultural standards (voluntary),Food industry,UK,National,UK department of Health,http://webarchive.nationalarchives.gov.uk/20180201175857/https://responsibilitydeal.dh.gov.uk/pledges/,,"public health responsibility deal -food industry pledges on nutritional content pledges by the food industry to reformulate products to reduce salt, saturated fats and trans fats recommendation; plan; nutrition; diet; health; retailer; catering; awareness; balanced and sufficient diets for all eu citizens reduced economic and social burden of diet related diseases",True
527,Nourishing,Public Procurement Act No. 91/15,"Article 73 of the Public Procurement Act (Official Gazette of the Republic of Slovenia, No. 91/15) establishes incentives to implement a short chain principle in public procurement. This article is supported by the Ministry of Forestry and Food (MKGP) and includes favourable conditions for the procurement of fruit and vegetables produced in Slovenia, which change seasonally.  The aim of these provisions is to support the domestic fruit and vegetable production, increase the supply of fruit and vegetables, and consequently lower prices and support their higher consumption.",fruit; vegetable; procurement; consumption; food provision; foodstuff; price; health,,2015.0,,Balanced and sufficient diets for all EU citizens,Reduced economic and social burden of diet related diseases,Society at large |  Consumers |,Procurement,Public Authorities,Slovenia,National,SLOVENIAN MINISTRY OF FORESTRY AND FOOD |  SLOVENIAN MINISTRY OF PUBLIC ADMINISTRATION |,http://www.djn.mju.gov.si/resources/files/Predpisi/ZJN-3_ang_prevod.pdf,,"public procurement act no. 91/15 article 73 of the public procurement act (official gazette of the republic of slovenia, no. 91/15) establishes incentives to implement a short chain principle in public procurement. this article is supported by the ministry of forestry and food (mkgp) and includes favourable conditions for the procurement of fruit and vegetables produced in slovenia, which change seasonally.  the aim of these provisions is to support the domestic fruit and vegetable production, increase the supply of fruit and vegetables, and consequently lower prices and support their higher consumption. fruit; vegetable; procurement; consumption; food provision; foodstuff; price; health balanced and sufficient diets for all eu citizens reduced economic and social burden of diet related diseases",True
168,SCAR,Quality mark,"product manufacturing process is verified by the certifying authority. According to the national agricultural and food quality system, use of fertilizers and pesticides is limited; synthetic food additives are not used; they are manufactured using environmentally-friendly technologies.",standard; nutrition; production; soil; crop; additive; cultivation; preservation;,,,,Viable and socially balanced EU agri-food business,Competitiveness,Consumers,Labelling measure,Food industry,Lithuania,National,Lithuanian Ministry of Agriculture,,,"quality mark product manufacturing process is verified by the certifying authority. according to the national agricultural and food quality system, use of fertilizers and pesticides is limited; synthetic food additives are not used; they are manufactured using environmentally-friendly technologies. standard; nutrition; production; soil; crop; additive; cultivation; preservation; viable and socially balanced eu agri-food business competitiveness",True
38,Nourishing,Quality standard for school catering,The quality standard explains the requirements for optimal food selection as well as food planning and production.,children; foodstuff; obesity; overweight; diet; education; canteen; food services; recommendation; health;,,2014.0,2014.0,Balanced and sufficient diets for all EU citizens,Reduced economic and social burden of diet related diseases,Consumers,Regulation and self-regulation,School food services,Germany,National,German Nutrition Society,https://www.schuleplusessen.de/dge-qualitaetsstandard/,,quality standard for school catering the quality standard explains the requirements for optimal food selection as well as food planning and production. children; foodstuff; obesity; overweight; diet; education; canteen; food services; recommendation; health; balanced and sufficient diets for all eu citizens reduced economic and social burden of diet related diseases,True
70,Nourishing,Quality standards for school meals,The DGE quality standards show in detail how balanced nutrition should look for children in schools.,children; foodstuff; obesity; overweight; diet; education; canteen; food services; recommendation; health;,,2011.0,2011.0,Balanced and sufficient diets for all EU citizens,Reduced economic and social burden of diet related diseases,Consumers,Food and agricultural standards (voluntary),School food services,Germany,National,"German Ministry of Health, Ministry of Food and Agriculture",https://joint-research-centre.ec.europa.eu/system/files/2017-07/jrc-school-food-policy-factsheet-germany_en.pdf |  https://www.schuleplusessen.de/fileadmin/user_upload/medien/DGE_QST_SchoolMeals.pdf | ,,quality standards for school meals the dge quality standards show in detail how balanced nutrition should look for children in schools. children; foodstuff; obesity; overweight; diet; education; canteen; food services; recommendation; health; balanced and sufficient diets for all eu citizens reduced economic and social burden of diet related diseases,True
15,Nourishing,Radio and tv act,The act prohibits any (food) advertising to children below the age of 12.,ban; media; prevention; television; nutrition; health; lifestyle;,,2010.0,2010.0,Balanced and sufficient diets for all EU citizens,Reduced economic and social burden of diet related diseases,Consumers,Regulation and self-regulation,Media,Sweden,National,Swedish Ministry of Culture,http://www.mprt.se/documents/styrdokument/radio%20and%20television%20act.pdf |  https://www.riksdagen.se/sv/dokument-lagar/dokument/svensk-forfattningssamling/radio--och-tv-lag-2010696_sfs-2010-696 | ,,radio and tv act the act prohibits any (food) advertising to children below the age of 12. ban; media; prevention; television; nutrition; health; lifestyle; balanced and sufficient diets for all eu citizens reduced economic and social burden of diet related diseases,True
475,Nourishing,Reformulation of the National Program on Nutrition and Physical Activity for Health 2015-2025 (ReNPPTDZ),"Supporting the National Program on Nutrition and Physical Activity for Health 2015-2025 (ReNPPTDZ), a reformulation programme was established between the National Institute for Public Health and the Chamber of Agricultural and Food Companies and the Chamber of Commerce and Industry of Slovenia. The purpose of the program is to encourage food providers to transform composition of food products and increase the offer of more nutritionally appropriate ones in food. The goals of the reformulation programme are to: - Reduce sugar, salt and fats in foods. - Increase dietary fiber content in food. - Reduce portions of prepacked foods. - Indicate the nutritional value of the food the front of the packaging. - Achieve greater consumer awareness of the importance of improved food composition.",sugar; fat; salt; junk food; health; obesity; diet; awareness; packaging; portion; foodstuff,,2015.0,2025.0,Food safety,Reduced economic and social burden of food-borne diseases,Consumers,Regulation and self-regulation,Food industry,Slovenia,National,National Institute for Public Health and the Chamber of Agricultural and Food Companies and the Chamber of Commerce and Industry of Slovenia,http://www.pisrs.si/Pis.web/#,,"reformulation of the national program on nutrition and physical activity for health 2015-2025 (renpptdz) supporting the national program on nutrition and physical activity for health 2015-2025 (renpptdz), a reformulation programme was established between the national institute for public health and the chamber of agricultural and food companies and the chamber of commerce and industry of slovenia. the purpose of the program is to encourage food providers to transform composition of food products and increase the offer of more nutritionally appropriate ones in food. the goals of the reformulation programme are to: - reduce sugar, salt and fats in foods. - increase dietary fiber content in food. - reduce portions of prepacked foods. - indicate the nutritional value of the food the front of the packaging. - achieve greater consumer awareness of the importance of improved food composition. sugar; fat; salt; junk food; health; obesity; diet; awareness; packaging; portion; foodstuff food safety reduced economic and social burden of food-borne diseases",True
586,Other,Regulation (EC) 1234/2007,"Regulation (EC) 1234/2007 establishing a common organisation of agricultural markets and on specific provisions for certain agricultural products. Specifically, this Regulation lays down, for each agricultural market, provisions concerning the granting of aid and market support measures. Further provisions deal with (i) setting up and official recognition of producers’ organizations and interbranch organizations; (ii) trade with third countries, giving particular regard to the issue of import and export licences as well as management of import quotas; and (iii) supply of food from intervention stocks to designated organizations for distribution to the most deprived persons in the European Community.",food security; agriculture; food aid; poverty; foodstuff; EU,,2007.0,2013.0,Balanced and sufficient diets for all EU citizens,,Society at large,Delivery of services,Food industry,EU,Supra-national,EC,https://eur-lex.europa.eu/legal-content/en/ALL/?uri=CELEX%3A32007R1234,,"regulation (ec) 1234/2007 regulation (ec) 1234/2007 establishing a common organisation of agricultural markets and on specific provisions for certain agricultural products. specifically, this regulation lays down, for each agricultural market, provisions concerning the granting of aid and market support measures. further provisions deal with (i) setting up and official recognition of producers’ organizations and interbranch organizations; (ii) trade with third countries, giving particular regard to the issue of import and export licences as well as management of import quotas; and (iii) supply of food from intervention stocks to designated organizations for distribution to the most deprived persons in the european community. food security; agriculture; food aid; poverty; foodstuff; eu balanced and sufficient diets for all eu citizens ",True
588,Other,Regulation (EC) 2991/94,"Products falling within the scope of this Regulation are governed by the common organisation of agricultural markets. Regulation (EC) 2991/94 protects consumers from the possibility of confusing butter, margarine and other spreadable fats (e.g. minarines), by differentiating them according to their percentage of fat content and their animal or vegetable origin.",food safety; health; labelling; information; awareness; butter; margarine; fat; spreadable,,1996.0,2008.0,Food safety,Reduced economic and social burden of food-borne diseases,Consumers,Labelling measure,Consumers |  Food industry |,EU,Supra-national,EC,https://eur-lex.europa.eu/legal-content/EN/TXT/?uri=celex%3A31994R2991,,"regulation (ec) 2991/94 products falling within the scope of this regulation are governed by the common organisation of agricultural markets. regulation (ec) 2991/94 protects consumers from the possibility of confusing butter, margarine and other spreadable fats (e.g. minarines), by differentiating them according to their percentage of fat content and their animal or vegetable origin. food safety; health; labelling; information; awareness; butter; margarine; fat; spreadable food safety reduced economic and social burden of food-borne diseases",True
617,Other,Regulation (EC) 445/2007,Regulation (EC) 445/2007 lays down certain detailed rules for the application of Council Regulation (EC) No 2991/94 laying down standards for spreadable fats and of Council Regulation (EEC) No 1898/87 on the protection of designations used in the marketing of milk and milk products.,food safety; health; labelling; fat; spreadable; milk; designation; information,,2007.0,,Food safety,Reduced economic and social burden of food-borne diseases,Consumers,Labelling measure,Consumers |  Food industry |,EU,Supra-national,EC,https://eur-lex.europa.eu/legal-content/EN/TXT/?uri=celex%3A32007R0445,,regulation (ec) 445/2007 regulation (ec) 445/2007 lays down certain detailed rules for the application of council regulation (ec) no 2991/94 laying down standards for spreadable fats and of council regulation (eec) no 1898/87 on the protection of designations used in the marketing of milk and milk products. food safety; health; labelling; fat; spreadable; milk; designation; information food safety reduced economic and social burden of food-borne diseases,True
628,Other,Regulation (EC) 491/2009,"Regulation (EC) 491/2009  amends Regulation (EC) No 1234/2007 establishing a common organisation of agricultural markets and on specific provisions for certain agricultural products (Single CMO Regulation), mostly concerning rules related to the wine sector and procedural rules regarding sugar, milk and potato starch quotas.",food security; agriculture; food aid; poverty; foodstuff; wine; sugar; milk; potato,,2009.0,,Balanced and sufficient diets for all EU citizens,,Society at large,Delivery of services,Food industry,EU,Supra-national,EC,https://eur-lex.europa.eu/legal-content/EN/TXT/?uri=celex%3A32009R0491,,"regulation (ec) 491/2009 regulation (ec) 491/2009  amends regulation (ec) no 1234/2007 establishing a common organisation of agricultural markets and on specific provisions for certain agricultural products (single cmo regulation), mostly concerning rules related to the wine sector and procedural rules regarding sugar, milk and potato starch quotas. food security; agriculture; food aid; poverty; foodstuff; wine; sugar; milk; potato balanced and sufficient diets for all eu citizens ",True
619,Other,Regulation (EC) 577/1997,Regulation (EC) 577/1997 lays down certain detailed rules for the application of Council Regulation (EC) No 2991/94 laying down standards for spreadable fats and of Council Regulation (EEC) No 1898/87 on the protection of designations used in the marketing of milk and milk products,food safety; health; labelling; fat; spreadable; milk; designation; information,,1997.0,2007.0,Food safety,Reduced economic and social burden of food-borne diseases,Consumers,Labelling measure,Food industry,EU,Supra-national,EC,https://eur-lex.europa.eu/legal-content/EN/TXT/?uri=CELEX:31997R0577,,regulation (ec) 577/1997 regulation (ec) 577/1997 lays down certain detailed rules for the application of council regulation (ec) no 2991/94 laying down standards for spreadable fats and of council regulation (eec) no 1898/87 on the protection of designations used in the marketing of milk and milk products food safety; health; labelling; fat; spreadable; milk; designation; information food safety reduced economic and social burden of food-borne diseases,True
601,Other,Regulation (EC) 953/2009,Regulation (EC) 953/2009 refers to substances that may be added for specific nutritional purposes in foods for particular nutritional uses.,food safety; nutrition; substance; health; foodstuff,,2010.0,2022.0,Food safety,Reduced economic and social burden of food-borne diseases,Consumers,Regulation and self-regulation,Food industry,EU,Supra-national,EC,https://eur-lex.europa.eu/legal-content/EN/TXT/?uri=celex%3A32009R0953,,regulation (ec) 953/2009 regulation (ec) 953/2009 refers to substances that may be added for specific nutritional purposes in foods for particular nutritional uses. food safety; nutrition; substance; health; foodstuff food safety reduced economic and social burden of food-borne diseases,True
1,Nourishing,Regulation (EC) No 1169/2011 on the provision of food information to consumers,food labelling legislation - mandatory nutrient list on packaged food,food chain; delivery; food services;,,2011.0,2011.0,Balanced and sufficient diets for all EU citizens,Reduced economic and social burden of diet related diseases,Consumers,Labelling measure,Food industry,EU,Supra-national,EC - DG Agri,https://eur-lex.europa.eu/legal-content/en/ALL/?uri=CELEX%3A32011R1169,,regulation (ec) no 1169/2011 on the provision of food information to consumers food labelling legislation - mandatory nutrient list on packaged food food chain; delivery; food services; balanced and sufficient diets for all eu citizens reduced economic and social burden of diet related diseases,True
314,Other,Regulation (EC) No 1831/2003 on additives for use in animal nutrition,"establish a Community procedure for authorising the placing on the market and use of feed additives and to lay down rules for the supervision and labelling of feed additives and premixtures in order to provide the basis for the assurance of a high level of protection of human health, animal health and welfare.",traceability; origin; control; safety; framework;,,2003.0,2003.0,Food safety,Reduced economic and social burden of food-borne diseases,Consumers,Regulation and self-regulation,Input suppliers,EU,Supra-national,EC - DG Sante,https://eur-lex.europa.eu/legal-content/EN/TXT/?uri=CELEX:32003R1831,,"regulation (ec) no 1831/2003 on additives for use in animal nutrition establish a community procedure for authorising the placing on the market and use of feed additives and to lay down rules for the supervision and labelling of feed additives and premixtures in order to provide the basis for the assurance of a high level of protection of human health, animal health and welfare. traceability; origin; control; safety; framework; food safety reduced economic and social burden of food-borne diseases",True
574,Other,Regulation (EEC) 2568/91,Regulation (EEC) 2568/91 defines the specific characteristics applicable to each category of olive oil and the types of analyses that are applied to determine conformity. It also sets out control requirements for the EU Member States.,diet; health; olive; foodstuff; composition; conformity; control; EU; awareness,,1991.0,2022.0,Balanced and sufficient diets for all EU citizens,Reduced economic and social burden of diet related diseases,Consumers |  Society at large |,Regulation and self-regulation,Food industry,EU,Supra-national,EC,https://eur-lex.europa.eu/legal-content/EN/TXT/?uri=celex%3A31991R2568,,regulation (eec) 2568/91 regulation (eec) 2568/91 defines the specific characteristics applicable to each category of olive oil and the types of analyses that are applied to determine conformity. it also sets out control requirements for the eu member states. diet; health; olive; foodstuff; composition; conformity; control; eu; awareness balanced and sufficient diets for all eu citizens reduced economic and social burden of diet related diseases,True
602,Other,Regulation (EU) 1798/2017,"Regulation (EU) 1798/2017 supplements Regulation (EU) No 609/2013 of the European Parliament and of the Council as regards the specific compositional and information requirements for total diet replacement for weight control. This Regulation lays down the following specific requirements with regard to total diet replacement for weight control products: (a) compositional requirements; (b)requirements for labelling, presentation and advertising; (c) notification requirements for placing the product on the market.",food safety; diet; weight; overweight; health; composition; labelling; foodstuff; prevention; nutrition,,2022.0,,Balanced and sufficient diets for all EU citizens,Reduced economic and social burden of diet related diseases,Consumers |  Society at large |,Labelling measure,Consumers |  Food industry |,EU,Supra-national,EC,https://eur-lex.europa.eu/legal-content/en/TXT/?uri=CELEX%3A32017R1798,,"regulation (eu) 1798/2017 regulation (eu) 1798/2017 supplements regulation (eu) no 609/2013 of the european parliament and of the council as regards the specific compositional and information requirements for total diet replacement for weight control. this regulation lays down the following specific requirements with regard to total diet replacement for weight control products: (a) compositional requirements; (b)requirements for labelling, presentation and advertising; (c) notification requirements for placing the product on the market. food safety; diet; weight; overweight; health; composition; labelling; foodstuff; prevention; nutrition balanced and sufficient diets for all eu citizens reduced economic and social burden of diet related diseases",True
545,Other,Regulation (EU) 2013/1308,"Regulation (EU) 2013/1308 is about the common organisation of agricultural markets in the EU. It aims at: stabilising markets and preventing market crises from escalating by providing a safety net to agricultural markets; improving productivity and quality at the production level. It also seeks to encourage cooperation within the food supply chain through producer organisations* and interbranch organisations and it It lays down minimum quality requirements (marketing standards), rules and conditions to ensure the quality of the production process and of the products.",transparency; food chain; production; agriculture; foodstuff; food safety; competition; fruit; vegetable; wine,,2014.0,,Viable and socially balanced EU agri-food business,Market regulation,Society at large,Regulation and self-regulation,Farmers |  Food industry |,EU,Supra-national,EC,https://eur-lex.europa.eu/legal-content/EN/TXT/?uri=celex%3A32013R1308,,"regulation (eu) 2013/1308 regulation (eu) 2013/1308 is about the common organisation of agricultural markets in the eu. it aims at: stabilising markets and preventing market crises from escalating by providing a safety net to agricultural markets; improving productivity and quality at the production level. it also seeks to encourage cooperation within the food supply chain through producer organisations* and interbranch organisations and it it lays down minimum quality requirements (marketing standards), rules and conditions to ensure the quality of the production process and of the products. transparency; food chain; production; agriculture; foodstuff; food safety; competition; fruit; vegetable; wine viable and socially balanced eu agri-food business market regulation",True
532,Other,Regulation (EU) 2019/787,"Regulation (EU) 2019/787 concerns the definition, description, presentation and labelling of spirit drinks, the use of the names of spirit drinks in the presentation and labelling of other foodstuffs, the protection of geographical indications for spirit drinks, and the use of ethyl alcohol and distillates of agricultural origin in alcoholic beverages.",Spirit; drink; alcohol; distillate; foodstuff; labelling; geographical indication; consumption,,2021.0,,Food safety,Reduced economic and social burden of diet related diseases,Consumers,Regulation and self-regulation,Food industry,EU,Supra-national,EC,https://eur-lex.europa.eu/eli/reg/2019/787/oj,,"regulation (eu) 2019/787 regulation (eu) 2019/787 concerns the definition, description, presentation and labelling of spirit drinks, the use of the names of spirit drinks in the presentation and labelling of other foodstuffs, the protection of geographical indications for spirit drinks, and the use of ethyl alcohol and distillates of agricultural origin in alcoholic beverages. spirit; drink; alcohol; distillate; foodstuff; labelling; geographical indication; consumption food safety reduced economic and social burden of diet related diseases",True
575,Other,Regulation (EU) 2104/2022,"Regulation (EU) 2104/2022 repeals Regulation (EEC) 2568/91, among other regulations, and regards marketing standards for olive oil.",diet; health; olive; foodstuff; composition; conformity; control; EU; awareness; marketing,,2022.0,,Balanced and sufficient diets for all EU citizens,Reduced economic and social burden of diet related diseases,Consumers |  Society at large |,Regulation and self-regulation,Food industry,EU,Supra-national,EC,https://eur-lex.europa.eu/legal-content/en/TXT/?uri=CELEX%3A32022R2104,,"regulation (eu) 2104/2022 regulation (eu) 2104/2022 repeals regulation (eec) 2568/91, among other regulations, and regards marketing standards for olive oil. diet; health; olive; foodstuff; composition; conformity; control; eu; awareness; marketing balanced and sufficient diets for all eu citizens reduced economic and social burden of diet related diseases",True
581,Other,Regulation (EU) 2284/2015,Regulation (EU) 2284/2015 of the European Parliament and of the Council of 25 November 2015 repealing Council Directive 76/621/EEC relating to the fixing of the maximum level of erucic acid in oils and fats and Council Regulation (EC) No 320/2006 establishing a temporary scheme for the restructuring of the sugar industry.,food safety; health; oil; fat; erucic acid; foodstuff; edible; information; awareness; sugar,,2015.0,,Food safety,Reduced economic and social burden of food-borne diseases,Consumers,Regulation and self-regulation,Consumers |  Food industry |,EU,Supra-national,EC,https://eur-lex.europa.eu/legal-content/en/TXT/?uri=CELEX%3A32015R2284,,regulation (eu) 2284/2015 regulation (eu) 2284/2015 of the european parliament and of the council of 25 november 2015 repealing council directive 76/621/eec relating to the fixing of the maximum level of erucic acid in oils and fats and council regulation (ec) no 320/2006 establishing a temporary scheme for the restructuring of the sugar industry. food safety; health; oil; fat; erucic acid; foodstuff; edible; information; awareness; sugar food safety reduced economic and social burden of food-borne diseases,True
287,Other,"Regulation (EU) No 609/2013 on food intended for infants and young children, food for special medical purposes, and total diet replacement for weight control",aims to protect specific vulnerable groups of consumers by regulating the content and marketing of food products specifically created for and marketed to them.,vulnerable; population; protection; information; awareness; knowledge; labelling; composition; nutrition; formula; processing; baby food; diet; medicine; health;,,2013.0,2013.0,Food safety,Reduced economic and social burden of food-borne diseases,Consumers,Food and agricultural standards,Food industry,EU,Supra-national,EC - DG Sante,https://ec.europa.eu/food/safety/labelling_nutrition/special_groups_food_en |  https://eur-lex.europa.eu/legal-content/EN/TXT/?uri=CELEX:32013R0609 | ,,"regulation (eu) no 609/2013 on food intended for infants and young children, food for special medical purposes, and total diet replacement for weight control aims to protect specific vulnerable groups of consumers by regulating the content and marketing of food products specifically created for and marketed to them. vulnerable; population; protection; information; awareness; knowledge; labelling; composition; nutrition; formula; processing; baby food; diet; medicine; health; food safety reduced economic and social burden of food-borne diseases",True
39,Nourishing,Regulation of educational institutions - healthy nutrition,"The maintainer or head of the educational institution may not conclude an agreement if, according to the school health service, the supply of goods does not comply with the recommendations",control; nutrition; diet; health;,,2012.0,2012.0,Balanced and sufficient diets for all EU citizens,Reduced economic and social burden of diet related diseases,Consumers,Regulation and self-regulation,Education sector,Hungary,National,National Association of Hungarian Dietitians,http://mdosz.hu/uj-taplalkozasi-ajanlasok-okos-tanyer/ |  https://net.jogtar.hu/jogszabaly?docid=a1200020.emm | ,,"regulation of educational institutions - healthy nutrition the maintainer or head of the educational institution may not conclude an agreement if, according to the school health service, the supply of goods does not comply with the recommendations control; nutrition; diet; health; balanced and sufficient diets for all eu citizens reduced economic and social burden of diet related diseases",True
82,Nourishing,Regulation on Energy Drinks advertising,prohibited to promote energy drinks in all places involving persons under the age of 18 years,ban; media; prevention; nutrition; health; lifestyle;,,2014.0,,Balanced and sufficient diets for all EU citizens,Reduced economic and social burden of diet related diseases,Consumers,Regulation and self-regulation,Media,Lithuania,National,Lithuanian Ministry of Health,https://www.urm.lt/default/en/news/lithuania-to-ban-sale-of-energy-drinks-to-minors-the-times-of-india-oct-15-2014,,regulation on energy drinks advertising prohibited to promote energy drinks in all places involving persons under the age of 18 years ban; media; prevention; nutrition; health; lifestyle; balanced and sufficient diets for all eu citizens reduced economic and social burden of diet related diseases,True
236,SCAR,Regulation on food information to consumers,This Regulation lays down the labeling of prepacked food and any other food information to be supplied to final consumers in connection with sales or other supplies,awareness; retailer; supermarket; shop; information; knowledge;,,2014.0,2014.0,Balanced and sufficient diets for all EU citizens,Reduced economic and social burden of diet related diseases,Consumers,Labelling measure,Food industry,Finland,National,Finnish Ministry of Agriculture and Forestry,http://www.finlex.fi/fi/laki/alkup/2014/20140834,,regulation on food information to consumers this regulation lays down the labeling of prepacked food and any other food information to be supplied to final consumers in connection with sales or other supplies awareness; retailer; supermarket; shop; information; knowledge; balanced and sufficient diets for all eu citizens reduced economic and social burden of diet related diseases,True
146,SCAR,Regulation on food supplements,Food supplements may only be marketed in Romania if they comply with the provisions of these standards.,foodstuff; overweight; diet; pharmacy; control; health; nutrients;,,2007.0,2007.0,Balanced and sufficient diets for all EU citizens,Reduced economic and social burden of diet related diseases,Consumers,Regulation and self-regulation,Food industry,Romania,National,Romanian Ministry of Health,http://legislatie.just.ro/Public/DetaliiDocumentAfis/83380,,regulation on food supplements food supplements may only be marketed in romania if they comply with the provisions of these standards. foodstuff; overweight; diet; pharmacy; control; health; nutrients; balanced and sufficient diets for all eu citizens reduced economic and social burden of diet related diseases,True
284,Other,Regulation on food supplements (2002/46/EC),"With respect to the safety of food supplements, the Directive lays down a harmonised list of vitamins and minerals that may be added for nutritional purposes in food supplements",nutrient; labelling; enrichment; information; control;,,2002.0,2002.0,Food safety,Reduced economic and social burden of food-borne diseases,Consumers,Food and agricultural standards,Food industry,EU,Supra-national,EC - DG Sante,https://ec.europa.eu/food/safety/labelling_nutrition/supplements_en |  https://eur-lex.europa.eu/legal-content/EN/TXT/?uri=CELEX:32002L0046 | ,,"regulation on food supplements (2002/46/ec) with respect to the safety of food supplements, the directive lays down a harmonised list of vitamins and minerals that may be added for nutritional purposes in food supplements nutrient; labelling; enrichment; information; control; food safety reduced economic and social burden of food-borne diseases",True
79,Nourishing,Regulation on nutrition prescriptions for public catering,Regulation on food offered in schools.,children; foodstuff; obesity; overweight; diet; education; canteen; food services; recommendation; health;,,2014.0,2014.0,Balanced and sufficient diets for all EU citizens,Reduced economic and social burden of diet related diseases,Consumers,Regulation and self-regulation,School food services,Hungary,National,Hungarian Ministry of Human Resources,https://net.jogtar.hu/jogszabaly?docid=a1400037.emm,,regulation on nutrition prescriptions for public catering regulation on food offered in schools. children; foodstuff; obesity; overweight; diet; education; canteen; food services; recommendation; health; balanced and sufficient diets for all eu citizens reduced economic and social burden of diet related diseases,True
40,Nourishing,Regulation on the availability of soft drinks in school,banned the sale of unhealthy foods and beverages in Latvian schools and kindergartens,children; foodstuff; obesity; overweight; diet; education; canteen; food services; health; ban; disincentive; control; soda; sugar;,,2006.0,2006.0,Balanced and sufficient diets for all EU citizens,Reduced economic and social burden of diet related diseases,Consumers,Regulation and self-regulation,Education sector,Latvia,National,Latvian Ministry of Health,http://www.tvnet.lv/zinas/latvija/212736-aizliedz_skolas_tirgot_neveseligu_partiku_un_dzerienus,,regulation on the availability of soft drinks in school banned the sale of unhealthy foods and beverages in latvian schools and kindergartens children; foodstuff; obesity; overweight; diet; education; canteen; food services; health; ban; disincentive; control; soda; sugar; balanced and sufficient diets for all eu citizens reduced economic and social burden of diet related diseases,True
104,Nourishing,Regulation on trans fatty acids in foods,This regulation will help promote health in the population by limiting the content of industrially produced trans fatty acids in foods.,junk food; nutrition; diet; obesity; prevention; supermarket; shop; retail;,,2014.0,2014.0,Balanced and sufficient diets for all EU citizens,Reduced economic and social burden of diet related diseases,Consumers,Regulation and self-regulation,Food industry,Norway,National,Norwegian Ministry of Health and Care Services,http://www.matportalen.no/matvaregrupper/tema/margarin_smor_matolje_ol/strengere_regulering_av_transfett |  https://lovdata.no/dokument/LTI/forskrift/2014-01-16-34 | ,,regulation on trans fatty acids in foods this regulation will help promote health in the population by limiting the content of industrially produced trans fatty acids in foods. junk food; nutrition; diet; obesity; prevention; supermarket; shop; retail; balanced and sufficient diets for all eu citizens reduced economic and social burden of diet related diseases,True
476,Nourishing,Regulation (EU) No 1169/2011 trans fat,"Rules on the maximum permitted content of trans fatty acids in foods; starting in April 2019, a rule on the maximum permitted content of trans fat in food products entered into force, after a one-year transition period. After that date, it became no longer allowed to market foods (both retail and wholesale) with more than 2 g of industrially added trans fats per 100 g of fat.",trans; fat; acid; junk food; health; obesity; prevention; awareness; retail,,2018.0,,Food safety,Reduced economic and social burden of food-borne diseases,Consumers,Regulation and self-regulation,Food industry,Slovenia,National,"MINISTRY OF AGRICULTURE, FORESTRY AND FOOD OF THE SLOVAK REPUBLIC",https://www.uradni-list.si/glasilo-uradni-list-rs/vsebina/2018-01-0801/pravilnik-o-najvecji-dovoljeni-vsebnosti-transmascobnih-kislin-v-zivilih/#3.%C2%A0%C4%8Dlen,,"regulation (eu) no 1169/2011 trans fat rules on the maximum permitted content of trans fatty acids in foods; starting in april 2019, a rule on the maximum permitted content of trans fat in food products entered into force, after a one-year transition period. after that date, it became no longer allowed to market foods (both retail and wholesale) with more than 2 g of industrially added trans fats per 100 g of fat. trans; fat; acid; junk food; health; obesity; prevention; awareness; retail food safety reduced economic and social burden of food-borne diseases",True
41,Nourishing,Regulations on nutrition standards for educational institutions,Nutritional requirements for food provided in schools.,children; foodstuff; obesity; overweight; diet; education; canteen; food services; recommendation; health;,,2012.0,2012.0,Balanced and sufficient diets for all EU citizens,Reduced economic and social burden of diet related diseases,Consumers,Regulation and self-regulation,School food services,Latvia,National,Latvian Ministry of Health,https://likumi.lv/doc.php?id=245300,,regulations on nutrition standards for educational institutions nutritional requirements for food provided in schools. children; foodstuff; obesity; overweight; diet; education; canteen; food services; recommendation; health; balanced and sufficient diets for all eu citizens reduced economic and social burden of diet related diseases,True
60,Nourishing,Regulations on standards for school meals,The list of non-recommended foods for pre-schooler and school children is approved. In schools it is forbidden to sell the products which exceed limits set out in the list.,children; foodstuff; obesity; overweight; diet; education; canteen; food services; recommendation; health; ban; control; health;,,2008.0,2008.0,Balanced and sufficient diets for all EU citizens,Reduced economic and social burden of diet related diseases,Consumers,Regulation and self-regulation,School food services,Romania,National,Romanian Ministry of Public Health,http://www.anpc.gov.ro/anpcftp/anpc_junior/ordin_1563_150218.pdf,,regulations on standards for school meals the list of non-recommended foods for pre-schooler and school children is approved. in schools it is forbidden to sell the products which exceed limits set out in the list. children; foodstuff; obesity; overweight; diet; education; canteen; food services; recommendation; health; ban; control; health; balanced and sufficient diets for all eu citizens reduced economic and social burden of diet related diseases,True
200,SCAR,Research Cooperation for Global Food Security,development of Research Cooperation for Food Security with agricultural research institutions in partner countries and in Germany.,partnership; capacity development; knowldge; project; Africa; university; nutrition; farmer; production; diversification;,,,,Equitable outcomes and conditions,Global FNS,Third countries,R&I economic,Research sector,Germany,National,German Federal Ministry of Food and Agriculture,https://www.ble.de/EN/Project-Funding/Funding-Contracts/International-Research-Cooperation/Research-Cooperation-Global-Food-Security/research-cooperation-global-food-security_node.html,,research cooperation for global food security development of research cooperation for food security with agricultural research institutions in partner countries and in germany. partnership; capacity development; knowldge; project; africa; university; nutrition; farmer; production; diversification; equitable outcomes and conditions global fns,True
103,Nourishing,Restriction of trans-fatty acids in foodstuffs,The restrictions are designed to improve the nutritional habits of the population of Latvia and thus improve public health indicators in the long term.,junk food; nutrition; diet; obesity; prevention; supermarket; shop; retail;,,2016.0,2016.0,Balanced and sufficient diets for all EU citizens,Reduced economic and social burden of diet related diseases,Consumers,Regulation and self-regulation,Food industry,Latvia,National,Latvian Government,https://likumi.lv/ta/en/en/id/282210-regulations-regarding-the-maximum-permitted-amount-of-trans-fatty-acids-in-food-products,,restriction of trans-fatty acids in foodstuffs the restrictions are designed to improve the nutritional habits of the population of latvia and thus improve public health indicators in the long term. junk food; nutrition; diet; obesity; prevention; supermarket; shop; retail; balanced and sufficient diets for all eu citizens reduced economic and social burden of diet related diseases,True
89,Nourishing,Royal Decree relating to breads and other products of the bakery,Compositional requirements for bread made in bakeries. The content of cooking salt may not be greater than 2.0%,nutrition; diet; control; supermarket; shop; retail; recommendation; health;,,1985.0,1985.0,Balanced and sufficient diets for all EU citizens,Reduced economic and social burden of diet related diseases,Consumers,Regulation and self-regulation,Food industry,Belgium,National,Belgian Ministry of Public health and Ministry of Economic Affairs,http://www.ejustice.just.fgov.be/cgi_loi/change_lg.pl?language=fr&la=F&table_name=loi&cn=1985090231,,royal decree relating to breads and other products of the bakery compositional requirements for bread made in bakeries. the content of cooking salt may not be greater than 2.0% nutrition; diet; control; supermarket; shop; retail; recommendation; health; balanced and sufficient diets for all eu citizens reduced economic and social burden of diet related diseases,True
18,Nourishing,Salt agreement,Reduce salt consumption by the population by 10% through the reduction of salt in food products,nutrition; diet; control; supermarket; shop; retail; recommendation; health;,,2009.0,2009.0,Balanced and sufficient diets for all EU citizens,Reduced economic and social burden of diet related diseases,Consumers,Food and agricultural standards (voluntary),Food industry,Belgium,National,"Belgian Federal Public Service - Health, food chain safety and environment, Food industry federation, Federation of shops and services",https://www.health.belgium.be/fr/la-convention-sel,,salt agreement reduce salt consumption by the population by 10% through the reduction of salt in food products nutrition; diet; control; supermarket; shop; retail; recommendation; health; balanced and sufficient diets for all eu citizens reduced economic and social burden of diet related diseases,True
85,Nourishing,Salt agreement with the Hungarian Baker Association,representatives of the Hungarian bakers committed to reduce the salt content of bread to a certain target; a number of companies reported voluntary salt reduction programs to the government,nutrition; diet; control; supermarket; shop; retail; recommendation; health;,,2012.0,2012.0,Balanced and sufficient diets for all EU citizens,Reduced economic and social burden of diet related diseases,Consumers,Food and agricultural standards (voluntary),Food industry,Hungary,National,Hungarian Government,https://ogyei.gov.hu/ |  https://www.aesan.gob.es/AECOSAN/docs/documentos/nutricion/observatorio/encuesta_estados_miembros_sal.pdf | ,,salt agreement with the hungarian baker association representatives of the hungarian bakers committed to reduce the salt content of bread to a certain target; a number of companies reported voluntary salt reduction programs to the government nutrition; diet; control; supermarket; shop; retail; recommendation; health; balanced and sufficient diets for all eu citizens reduced economic and social burden of diet related diseases,True
482,Nourishing,Salt campaigns,"Starting in 2008, the Ministry of Health and the Institute of Public Health of the Republic of Slovenia (NIJZ) launched a national promotional campaign to encourage the reduction of salt in the diet of the population of Slovenia. The campaign is ongoing and the nutritional advice with regards to salt if collected in a single online portal.",health; salt; diet; prevention; promotion; nutrition; campaign; awareness,,2008.0,,Balanced and sufficient diets for all EU citizens,Reduced economic and social burden of diet related diseases,Consumers,Information measure,Consumers,Slovenia,National,Ministry of Health and the Institute of Public Health of the Republic of Slovenia (NIJZ),,,"salt campaigns starting in 2008, the ministry of health and the institute of public health of the republic of slovenia (nijz) launched a national promotional campaign to encourage the reduction of salt in the diet of the population of slovenia. the campaign is ongoing and the nutritional advice with regards to salt if collected in a single online portal. health; salt; diet; prevention; promotion; nutrition; campaign; awareness balanced and sufficient diets for all eu citizens reduced economic and social burden of diet related diseases",True
92,Nourishing,Salt content reduction in dehydrated products,"voluntarily reduce the sodium content in branded dehydrated culinary products to at least half the recommended daily amount, ie 1.2 grams of sodium or less, per serving.",nutrition; guideline; recommendation; health; diet; supermarket; consumer; foodstuff; control;,,2009.0,2014.0,Balanced and sufficient diets for all EU citizens,Reduced economic and social burden of diet related diseases,Consumers,Food and agricultural standards (voluntary),Food industry,Czech Republic,National,Food Chamber of the Czech Republic,https://www.aesan.gob.es/AECOSAN/docs/documentos/nutricion/observatorio/encuesta_estados_miembros_sal.pdf,,"salt content reduction in dehydrated products voluntarily reduce the sodium content in branded dehydrated culinary products to at least half the recommended daily amount, ie 1.2 grams of sodium or less, per serving. nutrition; guideline; recommendation; health; diet; supermarket; consumer; foodstuff; control; balanced and sufficient diets for all eu citizens reduced economic and social burden of diet related diseases",True
55,Nourishing,Salt intake reduction campaign,"Awareness campaign, advertisements warning the public of the dangers of too much salt and work with the Food industry to encourage product reformulation",nutrition; diet; control; supermarket; shop; retail; recommendation; health;,,2004.0,2004.0,Balanced and sufficient diets for all EU citizens,Reduced economic and social burden of diet related diseases,Consumers,Information measure,Consumers,UK,National,UK Food Standards Agency,"https://assets.publishing.service.gov.uk/media/5a74bd7e40f0b61df4778191/10-1283-voluntary-salt-reduction.pdf |  https://www.gov.uk/government/publications/salt-reduction-programme-food-standards-agency-2004-case-study#:~:text=The%202004%20FSA%20salt%20reduction,key%20categories%20of%20processed%20foods. | ",,"salt intake reduction campaign awareness campaign, advertisements warning the public of the dangers of too much salt and work with the food industry to encourage product reformulation nutrition; diet; control; supermarket; shop; retail; recommendation; health; balanced and sufficient diets for all eu citizens reduced economic and social burden of diet related diseases",True
95,Nourishing,Salt reduction agreement with bakers,Reduction in the percentage of salt used in bread making,nutrition; diet; control; supermarket; shop; retail; recommendation; health;,,2005.0,2005.0,Balanced and sufficient diets for all EU citizens,Reduced economic and social burden of diet related diseases,Consumers,Food and agricultural standards (voluntary),Food industry,Spain,National,"Spanish Confederation of Bakery Organizations, Ministry of health",https://elpais.com/sociedad/2005/02/10/actualidad/1107990001_850215.html,,salt reduction agreement with bakers reduction in the percentage of salt used in bread making nutrition; diet; control; supermarket; shop; retail; recommendation; health; balanced and sufficient diets for all eu citizens reduced economic and social burden of diet related diseases,True
86,Nourishing,Salt reduction in bread,pledges by bakers associations to reduce the salt content in bread,nutrition; diet; control; supermarket; shop; retail; recommendation; health;,,2009.0,2009.0,Balanced and sufficient diets for all EU citizens,Reduced economic and social burden of diet related diseases,Consumers,Food and agricultural standards (voluntary),Food industry,Italy,National,Italian Ministry of Health,http://www.salute.gov.it/portale/temi/p2_6.jsp?lingua=italiano&id=1400&area=stiliVita&menu=protocoll,,salt reduction in bread pledges by bakers associations to reduce the salt content in bread nutrition; diet; control; supermarket; shop; retail; recommendation; health; balanced and sufficient diets for all eu citizens reduced economic and social burden of diet related diseases,True
87,Nourishing,Salt reduction in frozen foods,pledges by food producers associations to reduce the salt content in frozen foods,nutrition; diet; control; supermarket; shop; retail; recommendation; health;,,2014.0,2014.0,Balanced and sufficient diets for all EU citizens,Reduced economic and social burden of diet related diseases,Consumers,Food and agricultural standards (voluntary),Food industry,Italy,National,Italian Ministry of Health,http://www.salute.gov.it/portale/news/p3_2_1_1_1.jsp?lingua=italiano&menu=notizie&p=dalministero&id=1796,,salt reduction in frozen foods pledges by food producers associations to reduce the salt content in frozen foods nutrition; diet; control; supermarket; shop; retail; recommendation; health; balanced and sufficient diets for all eu citizens reduced economic and social burden of diet related diseases,True
94,Nourishing,Salt reduction programme,Salt Reduction Undertakings by the Food industry,nutrition; diet; control; supermarket; shop; retail; recommendation; health;,,2003.0,2012.0,Balanced and sufficient diets for all EU citizens,Reduced economic and social burden of diet related diseases,Consumers,Food and agricultural standards (voluntary),Food industry,Ireland,National,Food Safety Authority of Ireland,https://www.fsai.ie/getmedia/b654f68a-2a48-4de5-846a-253b4054033d/salt_surveys_2003_onwards.aspx?ext=.pdf,,salt reduction programme salt reduction undertakings by the food industry nutrition; diet; control; supermarket; shop; retail; recommendation; health; balanced and sufficient diets for all eu citizens reduced economic and social burden of diet related diseases,True
68,Nourishing,School food policy,Policy for Promoting Healthy Dietary and Physical Attitudes for Children and Youth.,children; foodstuff; obesity; overweight; diet; education; canteen; food services; recommendation; health; control;,,2013.0,2013.0,Balanced and sufficient diets for all EU citizens,Reduced economic and social burden of diet related diseases,Consumers,Food and agricultural standards (voluntary),School food services,Belgium - Wallonia,National,"Government of the French Community, Ministry of Health, of Obligatory Education and of Sport",https://joint-research-centre.ec.europa.eu/system/files/2017-07/jrc-school-food-policy-factsheet-belgium_wallonia_en.pdf,,school food policy policy for promoting healthy dietary and physical attitudes for children and youth. children; foodstuff; obesity; overweight; diet; education; canteen; food services; recommendation; health; control; balanced and sufficient diets for all eu citizens reduced economic and social burden of diet related diseases,True
63,Nourishing,School food regulation,Legislation applies to food provided within schools in England.,children; foodstuff; obesity; overweight; diet; education; canteen; food services; recommendation; health; control; health;,,2014.0,2014.0,Balanced and sufficient diets for all EU citizens,Reduced economic and social burden of diet related diseases,Consumers,Regulation and self-regulation,School food services,UK- England,National,UK Department for Education,http://www.schoolfoodplan.com/actions/school-food-standards/ |  https://www.gov.uk/government/publications/standards-for-school-food-in-england | ,,school food regulation legislation applies to food provided within schools in england. children; foodstuff; obesity; overweight; diet; education; canteen; food services; recommendation; health; control; health; balanced and sufficient diets for all eu citizens reduced economic and social burden of diet related diseases,True
282,Other,School Fruit and Vegetables Scheme,"EU-wide scheme that provided schoolchildren with fruit and vegetables, aiming thus to encourage good eating habits in young people. Besides providing fruit and vegetables, the scheme required participating Member States to set up strategies, including educational and awareness-raising initiatives",children; foodstuff; obesity; overweight; diet; education; canteen; food services; awareness; health; control;,,2009.0,2017.0,Balanced and sufficient diets for all EU citizens,Reduced economic and social burden of diet related diseases,Consumers,Education measure,School food services,EU,Supra-national,EC - DG Agri,https://ec.europa.eu/agriculture/sfs_en,,"school fruit and vegetables scheme eu-wide scheme that provided schoolchildren with fruit and vegetables, aiming thus to encourage good eating habits in young people. besides providing fruit and vegetables, the scheme required participating member states to set up strategies, including educational and awareness-raising initiatives children; foodstuff; obesity; overweight; diet; education; canteen; food services; awareness; health; control; balanced and sufficient diets for all eu citizens reduced economic and social burden of diet related diseases",True
7,Nourishing,"School fruit, vegetable and milk scheme",the scheme supports the distribution of fruit and vegetables and milk to schools across the EU as part of a wider programme of education about European agriculture and the benefits of healthy eating,children; foodstuff; obesity; overweight; diet; education; canteen; food services; awareness; health; control;,,2017.0,2017.0,Balanced and sufficient diets for all EU citizens,Reduced economic and social burden of diet related diseases,Consumers,Education measure,School food services,EU,Supra-national,EC - DG Agri,https://ec.europa.eu/agriculture/school-scheme_en,,"school fruit, vegetable and milk scheme the scheme supports the distribution of fruit and vegetables and milk to schools across the eu as part of a wider programme of education about european agriculture and the benefits of healthy eating children; foodstuff; obesity; overweight; diet; education; canteen; food services; awareness; health; control; balanced and sufficient diets for all eu citizens reduced economic and social burden of diet related diseases",True
72,Nourishing,School lunch guidelines,Nutrient-based standards for lunch taking into account the principles of Good Hygienic Practice and the HACCP system for school meals.,children; foodstuff; obesity; overweight; diet; education; canteen; food services; awareness; health; control; safety;,,2008.0,2008.0,Balanced and sufficient diets for all EU citizens,Reduced economic and social burden of diet related diseases,Consumers,Food and agricultural standards (voluntary),School food services,Poland,National,Polish Ministry of Health,https://joint-research-centre.ec.europa.eu/system/files/2017-07/jrc-school-food-policy-factsheet-poland_en.pdf |  https://www.gov.pl/web/zdrowie | ,,school lunch guidelines nutrient-based standards for lunch taking into account the principles of good hygienic practice and the haccp system for school meals. children; foodstuff; obesity; overweight; diet; education; canteen; food services; awareness; health; control; safety; balanced and sufficient diets for all eu citizens reduced economic and social burden of diet related diseases,True
76,Nourishing,School Nutrition Act (Art 4),"In the area of school and educational institutions and on the surface belonging to school premises, vending machines for distribution of food and beverage must not be installed.",children; foodstuff; obesity; overweight; diet; education; canteen; food services; awareness; health; control; ban;,,2013.0,2013.0,Balanced and sufficient diets for all EU citizens,Reduced economic and social burden of diet related diseases,Consumers,Regulation and self-regulation,Education sector,Slovenia,National,"Slovenian Ministry of Education, Science and Sport; Ministry of Health",https://www.uradni-list.si/glasilo-uradni-list-rs/vsebina/111596,,"school nutrition act (art 4) in the area of school and educational institutions and on the surface belonging to school premises, vending machines for distribution of food and beverage must not be installed. children; foodstuff; obesity; overweight; diet; education; canteen; food services; awareness; health; control; ban; balanced and sufficient diets for all eu citizens reduced economic and social burden of diet related diseases",True
470,Nourishing,Social Pricing on Food Canteens,"The French state has been supporting the implementation of social pricing in school canteens, to allow children from the most modest families to eat at the canteen for up to €1. In addition, the ministries in charge of education, solidarity, health and Agriculture are working in partnership to promote healthy eating habits and breakfast. This system should help reduce the dietary inequalities for the first meal of the day, which is essential for concentration and availability for school learning. An educational component accompanies this distribution in order to provide students with an education on food that will allow the development of an educational and pedagogical project. After a phase of experimentation from March to June 2019, the program is generalized since the start of the school year in September 2019 in priority areas.",food aid; food assistance; social inclusion; school meal; canteen; income; price; support; children; education; health; eating habit,,2019.0,,Balanced and sufficient diets for all EU citizens,Reduced economic and social burden of diet related diseases,Consumers,Income support,School food services,France,National,FRANCE GOVERNMENT,https://www.euronews.com/business/2023/09/04/school-meals-in-europe-which-countries-provide-free-food-for-students,,"social pricing on food canteens the french state has been supporting the implementation of social pricing in school canteens, to allow children from the most modest families to eat at the canteen for up to €1. in addition, the ministries in charge of education, solidarity, health and agriculture are working in partnership to promote healthy eating habits and breakfast. this system should help reduce the dietary inequalities for the first meal of the day, which is essential for concentration and availability for school learning. an educational component accompanies this distribution in order to provide students with an education on food that will allow the development of an educational and pedagogical project. after a phase of experimentation from march to june 2019, the program is generalized since the start of the school year in september 2019 in priority areas. food aid; food assistance; social inclusion; school meal; canteen; income; price; support; children; education; health; eating habit balanced and sufficient diets for all eu citizens reduced economic and social burden of diet related diseases",True
13,Nourishing,Soda tax,excise duty on soft drinks,obesity; overweight; malnutrition; health; children; beverage; soda; drink; media; advertisement;,,2012.0,2012.0,Balanced and sufficient diets for all EU citizens,Reduced economic and social burden of diet related diseases,Consumers,Fiscal policy,Food industry,France,National,"French Ministry of Economy, Finance and Industry",https://www.legifrance.gouv.fr/affichTexte.do?cidTexte=JORFTEXT000025044460&categorieLien=id,,soda tax excise duty on soft drinks obesity; overweight; malnutrition; health; children; beverage; soda; drink; media; advertisement; balanced and sufficient diets for all eu citizens reduced economic and social burden of diet related diseases,True
73,Nourishing,"Special measures directed to the school environment ( Ley 17/2011, Art 40)","The sale of foods and beverages with a high content of saturated fatty acids, trans fatty acids, salt and sugars will not be allowed in schools. Children's schools will be spaces protected from advertising.",obesity; overweight; malnutrition; health; children; beverage; soda; drink; media; control; ban; disincentive; junk food; media; canteen; food services; retail;,,2011.0,2011.0,Balanced and sufficient diets for all EU citizens,Reduced economic and social burden of diet related diseases,Consumers,Regulation and self-regulation,School food services,Spain,National,Spanish Ministry of Health,https://www.boe.es/buscar/pdf/2011/BOE-A-2011-11604-consolidado.pdf,,"special measures directed to the school environment ( ley 17/2011, art 40) the sale of foods and beverages with a high content of saturated fatty acids, trans fatty acids, salt and sugars will not be allowed in schools. children's schools will be spaces protected from advertising. obesity; overweight; malnutrition; health; children; beverage; soda; drink; media; control; ban; disincentive; junk food; media; canteen; food services; retail; balanced and sufficient diets for all eu citizens reduced economic and social burden of diet related diseases",True
8,Nourishing,Special Ordinance for healthy nutrition at schools and at kindergarten,Specific safety and quality requirements for food provided in schools.,children; foodstuff; obesity; overweight; diet; education; canteen; food services; awareness; health; control; ban;,,2011.0,2011.0,Balanced and sufficient diets for all EU citizens,Reduced economic and social burden of diet related diseases,Consumers,Regulation and self-regulation,School food services,Bulgaria,National,Bulgarian Ministry of Health,https://lex.bg/index.php/en/laws/ldoc/2135752009,,special ordinance for healthy nutrition at schools and at kindergarten specific safety and quality requirements for food provided in schools. children; foodstuff; obesity; overweight; diet; education; canteen; food services; awareness; health; control; ban; balanced and sufficient diets for all eu citizens reduced economic and social burden of diet related diseases,True
467,Nourishing,Special tax on coffee and non-alcoholic beverages,"Special tax on coffee and non-alcoholic beverages. In April 2020 a new system of soft drink taxation was established. Sugar in soft drinks is taxed depending on the amount of sugar in one hundred milliliters of soft drink. If soft drink contains up to two grams of sugar then the special tax is 0,00 € but if soft drink contains two to five grams of sugar the tax is 1,33 € per hectoliter. The third group of non-alcoholic beverages containing five to eight grams of sugar is taxed with 3,98 € per hectoliter, and soft drink containing more than eight grams of sugar per 100 ml is taxed with 7,96 € per hectoliter",diet; health; sugar; soft drinks; tax; coffee; beverage,,2020.0,,Balanced and sufficient diets for all EU citizens,Reduced economic and social burden of diet related diseases,Consumers,Regulation and self-regulation,Food industry,Croatia,National,Government of Croatia,https://extranet.who.int/nutrition/gina/en/node/82204,,"special tax on coffee and non-alcoholic beverages special tax on coffee and non-alcoholic beverages. in april 2020 a new system of soft drink taxation was established. sugar in soft drinks is taxed depending on the amount of sugar in one hundred milliliters of soft drink. if soft drink contains up to two grams of sugar then the special tax is 0,00 € but if soft drink contains two to five grams of sugar the tax is 1,33 € per hectoliter. the third group of non-alcoholic beverages containing five to eight grams of sugar is taxed with 3,98 € per hectoliter, and soft drink containing more than eight grams of sugar per 100 ml is taxed with 7,96 € per hectoliter diet; health; sugar; soft drinks; tax; coffee; beverage balanced and sufficient diets for all eu citizens reduced economic and social burden of diet related diseases",True
273,Other,Specific marketing standards for fresh fruit and vegetables (543/2011),The regulation sets out specific marketing standards for fresh fruit and vegetables,quality; promotion; information; labelling; transparency; traceability; origin;,,2011.0,2011.0,Viable and socially balanced EU agri-food business,Market regulation,Consumers,Food and agricultural standards,Food industry,EU,Supra-national,EC - DG Agri,https://eur-lex.europa.eu/legal-content/en/ALL/?uri=CELEX:32011R0543,,specific marketing standards for fresh fruit and vegetables (543/2011) the regulation sets out specific marketing standards for fresh fruit and vegetables quality; promotion; information; labelling; transparency; traceability; origin; viable and socially balanced eu agri-food business market regulation,True
19,Nourishing,Stop the salt campaign,Raising awareness of the public about the risks of excess salt in food. This campaign highlights the direct link between the overconsumption of this ingredient and hypertension.,nutrition; diet; control; awareness; recommendation; health;,,2010.0,2010.0,Balanced and sufficient diets for all EU citizens,Reduced economic and social burden of diet related diseases,Consumers,Information measure,Media,Belgium,National,"Belgian Federal Public Service - Health, food chain safety and environment",https://www.health.belgium.be/fr/stop-le-sel,,stop the salt campaign raising awareness of the public about the risks of excess salt in food. this campaign highlights the direct link between the overconsumption of this ingredient and hypertension. nutrition; diet; control; awareness; recommendation; health; balanced and sufficient diets for all eu citizens reduced economic and social burden of diet related diseases,True
111,Nourishing,Subsidies for supporting healthy meals at universities,"To qualify for a grant to reduce the price of student meal, it is necessary that student meals meet quality, health and nutritional requirements.",incentive; aid; obesity; overweight; diet; education; canteen; food services; awareness; health; control; retail;,,2003.0,2003.0,Balanced and sufficient diets for all EU citizens,Reduced economic and social burden of diet related diseases,Consumers,Fiscal policy,School food services,Finland,National,Finnish Ministry of Culture,http://www.finlex.fi/fi/laki/alkup/2003/20030564,,"subsidies for supporting healthy meals at universities to qualify for a grant to reduce the price of student meal, it is necessary that student meals meet quality, health and nutritional requirements. incentive; aid; obesity; overweight; diet; education; canteen; food services; awareness; health; control; retail; balanced and sufficient diets for all eu citizens reduced economic and social burden of diet related diseases",True
53,Nourishing,Sugar smart,national campaign to raise public awareness about the dangers of eating too much sugar on health and wellbeing.  The aim is to help organisations and individuals to reduce the amount of sugar we all consume.,awareness; knowledge; consumer; education; nutrition; diet; obesity; malnutrition; prevention; health;,,2015.0,2015.0,Balanced and sufficient diets for all EU citizens,Reduced economic and social burden of diet related diseases,Consumers,Information measure,Consumers,UK,National,Jamie Oliver Food Foundation and Sustain,https://www.sugarsmartuk.org/about/,,sugar smart national campaign to raise public awareness about the dangers of eating too much sugar on health and wellbeing.  the aim is to help organisations and individuals to reduce the amount of sugar we all consume. awareness; knowledge; consumer; education; nutrition; diet; obesity; malnutrition; prevention; health; balanced and sufficient diets for all eu citizens reduced economic and social burden of diet related diseases,True
272,Other,"Support for withdrawals of fruit and vegetables (Article 45, Regulation (EU) 2017/891)",Support for withdrawals of fruit and vegetables,market; waste; sale; fund; incentive; prevention; green harvesting; damaged;,,2017.0,2017.0,Equitable outcomes and conditions,Equity and social cohesion in EU,Farmers,Fiscal policy,Farmers,EU,Supra-national,EC - DG Agri,https://eur-lex.europa.eu/legal-content/EN/TXT/?qid=1497541016356&uri=CELEX:32017R0891,,"support for withdrawals of fruit and vegetables (article 45, regulation (eu) 2017/891) support for withdrawals of fruit and vegetables market; waste; sale; fund; incentive; prevention; green harvesting; damaged; equitable outcomes and conditions equity and social cohesion in eu",True
226,SCAR,Sustainable Dairy Products,"Achieve an efficient and sustainable operation of the value chains of milk and milk products, improving the consumer perception of dairy products as products of high nutritional value and quality.",information; awareness; promotion; campaign; knowledge; origin; trust; lifestyle;,,2013.0,2013.0,Viable and socially balanced EU agri-food business,Competitiveness,Consumers,Information measure,Food industry,Spain,National,"Spanish Ministry of Agriculture and Fisheries, Food and Environment",http://www.mapama.gob.es/es/megustalaleche/productos-lacteos-sostenibles/,,"sustainable dairy products achieve an efficient and sustainable operation of the value chains of milk and milk products, improving the consumer perception of dairy products as products of high nutritional value and quality. information; awareness; promotion; campaign; knowledge; origin; trust; lifestyle; viable and socially balanced eu agri-food business competitiveness",True
50,Nourishing,Tax on packaged sugary drinks,the tax applies to those sugary drinks that contain added caloric sweeteners,ban; nutrition; lifestyle; soda; energy; health; disincentive; duty; excise;,,2017.0,2017.0,Balanced and sufficient diets for all EU citizens,Reduced economic and social burden of diet related diseases,Consumers,Fiscal policy,Food industry,Spain,National,Catalan regional government,https://www.foodbev.com/news/spanish-drinks-industry-unites-against-new-catalan-sugar-tax/,,tax on packaged sugary drinks the tax applies to those sugary drinks that contain added caloric sweeteners ban; nutrition; lifestyle; soda; energy; health; disincentive; duty; excise; balanced and sufficient diets for all eu citizens reduced economic and social burden of diet related diseases,True
11,Nourishing,Tax on saturated fat,tax on saturated fat in food products,ban; nutrition; lifestyle; health; disincentive; duty; excise;,,2011.0,2011.0,Balanced and sufficient diets for all EU citizens,Reduced economic and social burden of diet related diseases,Consumers,Fiscal policy,Food industry,Denmark,National,Danish Ministry of Environment and Food,https://www.retsinformation.dk/Forms/R0710.aspx?id=136314&newwindow=true,,tax on saturated fat tax on saturated fat in food products ban; nutrition; lifestyle; health; disincentive; duty; excise; balanced and sufficient diets for all eu citizens reduced economic and social burden of diet related diseases,True
507,Nourishing,"The Addition of Vitamins, Minerals and Other Substances (England) (Amendment) Regulations 2020","The Addition of Vitamins, Minerals and Other Substances (Amendment) Regulations of 2020 (in each Devolved Administration) -with respect to Regulation 2007- will result in the prohibition of trans fats (other than trans fat naturally occurring in fat of animal origin) exceeding 2 grams per 100 grams of fats from 1 April 2021. The regulation came into force on 3 April 2020 and food business operators have until 1 April 2021 to take necessary action for any products currently on the market which will no longer comply.",trans fat; fat; health,,2020.0,,Balanced and sufficient diets for all EU citizens,Reduced economic and social burden of diet related diseases,Society at large |  Consumers |,Regulation and self-regulation,Food industry,UK,National,UK department of Health,https://www.legislation.gov.uk/uksi/2020/256/made,,"the addition of vitamins, minerals and other substances (england) (amendment) regulations 2020 the addition of vitamins, minerals and other substances (amendment) regulations of 2020 (in each devolved administration) -with respect to regulation 2007- will result in the prohibition of trans fats (other than trans fat naturally occurring in fat of animal origin) exceeding 2 grams per 100 grams of fats from 1 april 2021. the regulation came into force on 3 april 2020 and food business operators have until 1 april 2021 to take necessary action for any products currently on the market which will no longer comply. trans fat; fat; health balanced and sufficient diets for all eu citizens reduced economic and social burden of diet related diseases",True
516,Nourishing,The Balanced Food Convention – Belgium (French region),"Building on the precedent of the Salt Convention (2009-2012), the Belgian federal government established a new agreement with the Federation of the Belgian Food industry (FEVIA) and COMEOS Federation for Trade and Services (COMEOS), named the Balanced Food Convention. The objective of this Convention is to help reduce caloric intake by 5% by reducing the content of sugars and / or fats, and by improving the composition of food products. Companies are therefore asked to optimize the composition of their products by increasing the content of fibre and whole grains or by reducing the content of added sugars, saturated fats and calories.",nutrition; diet; control; supermarket; shop; retail; recommendation; health;,,2016.0,,Balanced and sufficient diets for all EU citizens,Reduced economic and social burden of diet related diseases,Society at large,Food and agricultural standards (voluntary),Food industry,Belgium - Wallonia,National,Belgian Ministry of Public health |  Food Industry |,https://www.fooddrinkeurope.eu/industry-action/new-convention-for-a-balanced-diet-in-belgium/,,"the balanced food convention – belgium (french region) building on the precedent of the salt convention (2009-2012), the belgian federal government established a new agreement with the federation of the belgian food industry (fevia) and comeos federation for trade and services (comeos), named the balanced food convention. the objective of this convention is to help reduce caloric intake by 5% by reducing the content of sugars and / or fats, and by improving the composition of food products. companies are therefore asked to optimize the composition of their products by increasing the content of fibre and whole grains or by reducing the content of added sugars, saturated fats and calories. nutrition; diet; control; supermarket; shop; retail; recommendation; health; balanced and sufficient diets for all eu citizens reduced economic and social burden of diet related diseases",True
503,Nourishing,The Better Health Campaign,"In July 2020, Public Health England launched a major new adult health campaign to seize the opportunity for a national reset moment of health in the context of the COVID-19 pandemic. To support people to live healthier lives, Public Health England’s Better Health campaign provides a variety of tools and apps to help people make healthier food choices, become more active and prevent future weight gain. One of these tools is the National Health Service (NHS) Weight Loss Plan, available via an app, which provides 12 weeks’ worth of engaging content that can be personalised and tailored to the goals and needs of the individual (for more details on the NHS Weight Loss Plan, see ""N – Nutrition advice and counselling in healthcare settings"").",nutrition; health; obesity; overweight; covid-19; guidelines; recommendation; awaraness,,2020.0,,Balanced and sufficient diets for all EU citizens,Reduced economic and social burden of diet related diseases,Consumers,Information measure,Consumers |  Food industry |,UK,National,UK Public Health England,https://communityimpactbucks.org.uk/wp-content/uploads/2020/08/Better-Health-Campaign-Toolkit-PDF.pdf |  https://www.gov.uk/government/news/campaign-launched-to-help-public-get-healthy-this-summer | ,,"the better health campaign in july 2020, public health england launched a major new adult health campaign to seize the opportunity for a national reset moment of health in the context of the covid-19 pandemic. to support people to live healthier lives, public health england’s better health campaign provides a variety of tools and apps to help people make healthier food choices, become more active and prevent future weight gain. one of these tools is the national health service (nhs) weight loss plan, available via an app, which provides 12 weeks’ worth of engaging content that can be personalised and tailored to the goals and needs of the individual (for more details on the nhs weight loss plan, see ""n – nutrition advice and counselling in healthcare settings""). nutrition; health; obesity; overweight; covid-19; guidelines; recommendation; awaraness balanced and sufficient diets for all eu citizens reduced economic and social burden of diet related diseases",True
497,Nourishing,The Calorie Reduction Programme,"The Calorie Reduction Programme challenges all sectors of the Food industry -– retailers, manufacturers, and the eating out of home sector (for example, restaurants, pubs and cafes) - to reduce the calories in a range of everyday foods consumed by children aged up to 18 years by 2024. In September 2020, PHE published guidelines for the calories per 100g and calories in products and meals likely to be consumed on a single occasion for each category. A 10% reduction ambition has been set for most categories covering only retailers and manufacturer branded products. For the eating out, takeaway and delivery sector, a 20% calorie reduction ambition is applied for most categories. PHE’s salt reduction targets (see below) should also be achieved in the products included within the calorie reduction programme, where relevant, therefore calorie reduction should not be accompanied by an increase in salt in these products.",health; nutrition; diet; sugar; obesity; overweight; awareness; prevention; children; restaurant; retail; delivery,,2018.0,2020.0,Balanced and sufficient diets for all EU citizens,Reduced economic and social burden of diet related diseases,Consumers,Food and agricultural standards (voluntary),Food industry,UK,National,UK Public Health England,https://assets.publishing.service.gov.uk/government/uploads/system/uploads/attachment_data/file/800675/Calories_Evidence_Document.pdf |  https://www.gov.uk/government/publications/calorie-reduction-the-scope-and-ambition-for-action | ,,"the calorie reduction programme the calorie reduction programme challenges all sectors of the food industry -– retailers, manufacturers, and the eating out of home sector (for example, restaurants, pubs and cafes) - to reduce the calories in a range of everyday foods consumed by children aged up to 18 years by 2024. in september 2020, phe published guidelines for the calories per 100g and calories in products and meals likely to be consumed on a single occasion for each category. a 10% reduction ambition has been set for most categories covering only retailers and manufacturer branded products. for the eating out, takeaway and delivery sector, a 20% calorie reduction ambition is applied for most categories. phe’s salt reduction targets (see below) should also be achieved in the products included within the calorie reduction programme, where relevant, therefore calorie reduction should not be accompanied by an increase in salt in these products. health; nutrition; diet; sugar; obesity; overweight; awareness; prevention; children; restaurant; retail; delivery balanced and sufficient diets for all eu citizens reduced economic and social burden of diet related diseases",True
515,Nourishing,The Code of Audiovisual Content Regulations,"In Romania, food advertising on broadcast media faces specific restrictions based on the 2011 Code of Audiovisual Content Regulations, which entered into force in 2013. As part of these regulations, between 6 am and 10 pm, advertising blocks that contain food advertising must include health information messaging (e.g., encouraging consumption of foods and vegetables, limiting nutrients such as salt, fat or sugar).",children;advertising; health; nutrition; information; awareness,,2013.0,,Balanced and sufficient diets for all EU citizens,Reduced economic and social burden of diet related diseases,Society at large,Regulation and self-regulation,Food industry,Romania,National,National Audiovisual Council of Romania (CNA),https://www.cna.ro/-Legislation-.html,,"the code of audiovisual content regulations in romania, food advertising on broadcast media faces specific restrictions based on the 2011 code of audiovisual content regulations, which entered into force in 2013. as part of these regulations, between 6 am and 10 pm, advertising blocks that contain food advertising must include health information messaging (e.g., encouraging consumption of foods and vegetables, limiting nutrients such as salt, fat or sugar). children;advertising; health; nutrition; information; awareness balanced and sufficient diets for all eu citizens reduced economic and social burden of diet related diseases",True
479,Nourishing,The Danish Food Partnership for Health and Climate,"The Danish Food Partnership for Health and Climate was established in 2019 with the objective to increase supply, demand and distribution of healthier products and meals. Besides the Danish government, participating stakeholders include food manufacturers and retailers, food service companies, industry associations, as well as health organizations and educational and research institutions. As of 2021, 150 member organizations participate. The partnership aims to decrease intake of salt, sugar and fat trough actions such as reformulation. Thus measures has been set within several food categories for the share of assortment having the keyhole label and for the reduction in the average content of salt, sugar and fat in products within categories.",sugar; fat; salt; junk food; health; diet; foodstuff; food service; meal,,2019.0,,Cross sectional (R&I oriented),Cross sectional (R&I oriented),Society at large,R&I information,Research sector,Denmark,National,Danish government,https://foedevarestyrelsen.dk/kost-og-foedevarer/alt-om-mad/de-officielle-kostraad,,"the danish food partnership for health and climate the danish food partnership for health and climate was established in 2019 with the objective to increase supply, demand and distribution of healthier products and meals. besides the danish government, participating stakeholders include food manufacturers and retailers, food service companies, industry associations, as well as health organizations and educational and research institutions. as of 2021, 150 member organizations participate. the partnership aims to decrease intake of salt, sugar and fat trough actions such as reformulation. thus measures has been set within several food categories for the share of assortment having the keyhole label and for the reduction in the average content of salt, sugar and fat in products within categories. sugar; fat; salt; junk food; health; diet; foodstuff; food service; meal cross sectional (r&i oriented) cross sectional (r&i oriented)",True
501,Nourishing,The Eatwell Guide,"In 2016, Public Health England in association with the Welsh Government, Food Standards Scotland and the Food Standards Agency in Northern Ireland, developed the Eatwell Guide as the new food model representing dietary guidelines for the UK. The Guide, replacing the Eatwell Plate, illustrates government’s advice on healthy eating aimed at the general population from the age of two years.",nutrition; health; prevention; recommendation; guidelines; diet; awareness,,2016.0,,Balanced and sufficient diets for all EU citizens,Reduced economic and social burden of diet related diseases,Consumers,Food and agricultural standards (voluntary),Consumers |  Food industry |,UK,National,"FOOD STANDARDS SCOTLAND, NHS HEALTH SCOTLAND AND EDUCATION SCOTLAND,  UK PUBLIC HEALTH ENGLAND,  WELSH GOVERNMENT",https://www.foodstandards.gov.scot/downloads/EATWELL_GUIDE_LEAFLET_FOR_TEACHERS_-_9_Aug_2016_%281%29.pdf |  https://www.nhs.uk/live-well/eat-well/food-guidelines-and-food-labels/the-eatwell-guide/ | ,,"the eatwell guide in 2016, public health england in association with the welsh government, food standards scotland and the food standards agency in northern ireland, developed the eatwell guide as the new food model representing dietary guidelines for the uk. the guide, replacing the eatwell plate, illustrates government’s advice on healthy eating aimed at the general population from the age of two years. nutrition; health; prevention; recommendation; guidelines; diet; awareness balanced and sufficient diets for all eu citizens reduced economic and social burden of diet related diseases",True
513,Nourishing,The Fiskesprell Programme,"The Fiskesprell Programme is a national diet program that aims to increase seafood consumption among children and young people. Fiskesprell is a joint project between the Ministry of Health and Care Services, the Ministry of Trade, Industry and Fisheries, the Norwegian Seafood Council and the Norwegian Fishermen’s Sales Organization. The Fiskesprell Programme consists of courses for kindergarten teachers and teaching programs in food and health. It is also possible to apply for financial support for the purchase of seafood for the teaching of food and health, teacher meetings, parent events or a “seafood day” in kindergarten canteens. Fiskesprell's course for kindergarten employees is a contribution to following the Norwegian Directorate of Health's guidelines for food and meals in kindergarten.",children; canteen; health; diet; seafood; education,,2007.0,,Balanced and sufficient diets for all EU citizens,Reduced economic and social burden of diet related diseases,Society at large |  Consumers |,Education measure,Education sector,Norway,National,"Norwegian Ministry of Trade, Industry and Fisheries",https://fiskesprell.no/,,"the fiskesprell programme the fiskesprell programme is a national diet program that aims to increase seafood consumption among children and young people. fiskesprell is a joint project between the ministry of health and care services, the ministry of trade, industry and fisheries, the norwegian seafood council and the norwegian fishermen’s sales organization. the fiskesprell programme consists of courses for kindergarten teachers and teaching programs in food and health. it is also possible to apply for financial support for the purchase of seafood for the teaching of food and health, teacher meetings, parent events or a “seafood day” in kindergarten canteens. fiskesprell's course for kindergarten employees is a contribution to following the norwegian directorate of health's guidelines for food and meals in kindergarten. children; canteen; health; diet; seafood; education balanced and sufficient diets for all eu citizens reduced economic and social burden of diet related diseases",True
493,Nourishing,The Food and Drink Industry Professional Practices Committee (MFU),"A voluntary initiative was implemented in 2014 supplementing exiting laws in restricting marketing of unhealthy food and beverages to children and adolescents (existing rules can be found under ""Mandatory regulation of broadcast food advertising to children"" above). This self-regulatory scheme applies to a wide range of communications channels, such as online and in cinemas. It applies to marketing of unhealthy foods and beverages to children under the age of 13. A code and supplementary guidance, and a product list of food and beverages (energy-dense, salty, sweet or nutrient-poor foods) are established that specify the scope of the scheme. The Food and Drink Industry Professional Practices Committee (MFU) monitors compliance with the code and guidance, and handles complaints and violations.",junk food; nutrition; salt; sugar; beverage; energy; health; marketing; children; recommendation; prevention,,2014.0,,Balanced and sufficient diets for all EU citizens,Reduced economic and social burden of diet related diseases,Consumers,Food and agricultural standards (voluntary),Food industry,Norway,National,Norwegian Directorate of Health,https://mfu.as/english/,,"the food and drink industry professional practices committee (mfu) a voluntary initiative was implemented in 2014 supplementing exiting laws in restricting marketing of unhealthy food and beverages to children and adolescents (existing rules can be found under ""mandatory regulation of broadcast food advertising to children"" above). this self-regulatory scheme applies to a wide range of communications channels, such as online and in cinemas. it applies to marketing of unhealthy foods and beverages to children under the age of 13. a code and supplementary guidance, and a product list of food and beverages (energy-dense, salty, sweet or nutrient-poor foods) are established that specify the scope of the scheme. the food and drink industry professional practices committee (mfu) monitors compliance with the code and guidance, and handles complaints and violations. junk food; nutrition; salt; sugar; beverage; energy; health; marketing; children; recommendation; prevention balanced and sufficient diets for all eu citizens reduced economic and social burden of diet related diseases",True
490,Nourishing,The Food Information Regulations,"The EU Regulation 1169/2011 on the Provision of Food Information to Consumers (EU FIC) requires a nutrition declaration (list of the nutrient content) for most pre-packaged food to be provided on the back of the pack. The EU FIC is enforced in England by The Food Information Regulations of 2014 (a Department for Environment, Food and Rural Affairs lead). Similar legislation applies in Scotland, Wales and Northern Ireland.  Mandatory (“back of pack”) nutrition declaration applies to most prepacked food. It is mandatory to declare energy value in both kilojoules (kJ) and kilocalories (kcal); and the amounts in grams (g) of fat, saturates, carbohydrate, sugars, protein and salt. Exemptions are outlined in Annex V of EU FIC and included minimally processed foods and those with little nutritional value or that do not change the nutritional values of food products. The manufacturer can also choose to disclose the content of some other substances: mono-unsaturates; poly-unsaturates; polyols; starch; fibre; and selected vitamins or minerals provided they are present in ""substantial amounts"", i.e., 15% of the reference value for foods, and 7.5% of the reference value for drinks.",nutrition; labelling; energy; fat; sugar; salt; health; products; foodstuff; obesity,,2014.0,2021.0,Balanced and sufficient diets for all EU citizens,Reduced economic and social burden of diet related diseases,Consumers,Food and agricultural standards (voluntary),Food industry |  SMEs |,UK,National,"UK Department for Environment, Food & Rural Affairs",https://www.legislation.gov.uk/uksi/2014/1855/contents/made,,"the food information regulations the eu regulation 1169/2011 on the provision of food information to consumers (eu fic) requires a nutrition declaration (list of the nutrient content) for most pre-packaged food to be provided on the back of the pack. the eu fic is enforced in england by the food information regulations of 2014 (a department for environment, food and rural affairs lead). similar legislation applies in scotland, wales and northern ireland.  mandatory (“back of pack”) nutrition declaration applies to most prepacked food. it is mandatory to declare energy value in both kilojoules (kj) and kilocalories (kcal); and the amounts in grams (g) of fat, saturates, carbohydrate, sugars, protein and salt. exemptions are outlined in annex v of eu fic and included minimally processed foods and those with little nutritional value or that do not change the nutritional values of food products. the manufacturer can also choose to disclose the content of some other substances: mono-unsaturates; poly-unsaturates; polyols; starch; fibre; and selected vitamins or minerals provided they are present in ""substantial amounts"", i.e., 15% of the reference value for foods, and 7.5% of the reference value for drinks. nutrition; labelling; energy; fat; sugar; salt; health; products; foodstuff; obesity balanced and sufficient diets for all eu citizens reduced economic and social burden of diet related diseases",True
485,Nourishing,The French National Nutrition and Health Program,"The France National nutrition and health program (PNNS) is a government sponsored public/private collaboration involving government, research and education institutions, the Food industry, healthcare organizations, and consumers. The PNNS program set nine priority objectives focusing on nutrition and physical activity. The National nutrition and health program inlcudes a measure which aims to develop adapted tools and a training offerings on nutrition, physical activity and sedentary lifestyle for early childhood professionals based on nutritional recommendations. An educational guide has been developed by the national council for collective catering for future cooks and caterers on sustainable food and the preparation of vegetarian menus and was published in 2022.",health; prevention; diet; nutrition; obesity; overweight; awareness; disease; risk; sustainability; training; lifestyle; catering; vegetarian,,2001.0,2015.0,Balanced and sufficient diets for all EU citizens,Reduced economic and social burden of diet related diseases,Society at large,Border measure,,France,National,MINISTRY OF HEALTH AND SOCIAL AFFAIRS OF THE FRENCH REPUBLIC,https://sante.gouv.fr/IMG/pdf/PNNS_UK_INDD_V2.pdf,,"the french national nutrition and health program the france national nutrition and health program (pnns) is a government sponsored public/private collaboration involving government, research and education institutions, the food industry, healthcare organizations, and consumers. the pnns program set nine priority objectives focusing on nutrition and physical activity. the national nutrition and health program inlcudes a measure which aims to develop adapted tools and a training offerings on nutrition, physical activity and sedentary lifestyle for early childhood professionals based on nutritional recommendations. an educational guide has been developed by the national council for collective catering for future cooks and caterers on sustainable food and the preparation of vegetarian menus and was published in 2022. health; prevention; diet; nutrition; obesity; overweight; awareness; disease; risk; sustainability; training; lifestyle; catering; vegetarian balanced and sufficient diets for all eu citizens reduced economic and social burden of diet related diseases",True
480,Nourishing,The Healthy Choice Certificate for Catering Providers,"The Healthy Choice Certificate for Catering Providers was developed as part of the objectives of the National Program on Nutrition and Physical Activity for Health 2015-2025 (ReNPPTDZ). It aims to improve the availability of healthier food in the hospitality industry. In order to obtain a certificate, companies have to training their caterers (via seminars including practical work); select and evaluate dishes that are in accordance with national dietary guidelines (the Healthy Plate) and then awarding the label to dishes on their menu that meet the selected criteria.",health; catering; diet; guidelines; menu; training; hospitality industry,,2015.0,2025.0,Balanced and sufficient diets for all EU citizens,Reduced economic and social burden of diet related diseases,Consumers,Education measure,Food services,Slovenia,National,Ministry of Health,,,"the healthy choice certificate for catering providers the healthy choice certificate for catering providers was developed as part of the objectives of the national program on nutrition and physical activity for health 2015-2025 (renpptdz). it aims to improve the availability of healthier food in the hospitality industry. in order to obtain a certificate, companies have to training their caterers (via seminars including practical work); select and evaluate dishes that are in accordance with national dietary guidelines (the healthy plate) and then awarding the label to dishes on their menu that meet the selected criteria. health; catering; diet; guidelines; menu; training; hospitality industry balanced and sufficient diets for all eu citizens reduced economic and social burden of diet related diseases",True
66,Nourishing,The Healthy Eating in Schools (Nutritional Standards and Requirements),It states the type of food which can and can’t be provided by schools.,children; foodstuff; obesity; overweight; diet; education; canteen; food services; awareness; health; control;,,2013.0,2013.0,Balanced and sufficient diets for all EU citizens,Reduced economic and social burden of diet related diseases,Consumers,Regulation and self-regulation,School food services,UK-Wales,National,Welsh government,http://www.legislation.gov.uk/wsi/2013/1984/made,,the healthy eating in schools (nutritional standards and requirements) it states the type of food which can and can’t be provided by schools. children; foodstuff; obesity; overweight; diet; education; canteen; food services; awareness; health; control; balanced and sufficient diets for all eu citizens reduced economic and social burden of diet related diseases,True
512,Nourishing,The NHS Weight Loss Plan,"The NHS Weight Loss Plan was launched by Public Health England in July 2020, as part of its wider Better Health campaign (see ""I– Inform people about food and nutrition through public awareness""). The NHS Wright Loss Plan is designed to help people develop healthier eating habits, be more active, and get on track to start losing weight with an easy-to-follow NHS 12 week diet and exercise plan. Over 12 weeks, a user is guided along the way towards a balanced diet and helping them stick to a daily calorie target. The NHS Weight Loss Plan helps people work out what a healthy weight is for them by using the integrated BMI calculator (based on the NHS online BMI calculator) and advises the level of calories they should be eating each day to get there. The plan is designed to help people lose weight at a rate of 0.5kg to 2kgs (1lb to 4lbs) each week by sticking to a daily calorie allowance and providing suggestions for healthier food choices. This means sticking to a calorie limit of no more than 1,900kcal a day for most dat, and 1,400kcal day for most women. Each week the NHS Weight Loss Plan includes an information guide with actions, hints and tips for reaching weight goals. The plan also helps users keep track of their progress by inputting the calories they eat each day using the diary as well as encouraging users to enter their weight at the start and end of each week.",awareness; health; nutrition; weight; BMI,,2020.0,,Balanced and sufficient diets for all EU citizens,Reduced economic and social burden of diet related diseases,Society at large |  Consumers |,Information measure,Consumers |  Food industry |,UK,National,UK Public Health England,"https://www.nhs.uk/better-health/lose-weight/#:~:text=NHS%20Digital%20Weight%20Management%20Programme,weight%20and%20improve%20your%20health.",,"the nhs weight loss plan the nhs weight loss plan was launched by public health england in july 2020, as part of its wider better health campaign (see ""i– inform people about food and nutrition through public awareness""). the nhs wright loss plan is designed to help people develop healthier eating habits, be more active, and get on track to start losing weight with an easy-to-follow nhs 12 week diet and exercise plan. over 12 weeks, a user is guided along the way towards a balanced diet and helping them stick to a daily calorie target. the nhs weight loss plan helps people work out what a healthy weight is for them by using the integrated bmi calculator (based on the nhs online bmi calculator) and advises the level of calories they should be eating each day to get there. the plan is designed to help people lose weight at a rate of 0.5kg to 2kgs (1lb to 4lbs) each week by sticking to a daily calorie allowance and providing suggestions for healthier food choices. this means sticking to a calorie limit of no more than 1,900kcal a day for most dat, and 1,400kcal day for most women. each week the nhs weight loss plan includes an information guide with actions, hints and tips for reaching weight goals. the plan also helps users keep track of their progress by inputting the calories they eat each day using the diary as well as encouraging users to enter their weight at the start and end of each week. awareness; health; nutrition; weight; bmi balanced and sufficient diets for all eu citizens reduced economic and social burden of diet related diseases",True
508,Nourishing,The Nutrition (Amendment etc.) (EU Exit) Regulations 2019,"Nutrition (Amendment etc) (EU Exit) Regulations 2019 will remedy deficiencies in retained EU legislation. This will ensure that nutrition law continues to function effectively in governing nutrition and health claims, the addition of vitamins, minerals and other substances to foods, and the composition and labelling of foods for specific groups and food supplements, following the UK’s withdrawal from the EU. The deficiencies in retained EU law will be fixed on a UKwide basis. The Regulations also amend domestic legislation in England so that it too is effective after exit. Scotland, Wales and Northern Ireland will make legislation to fix deficiencies in their respective domestic legislation.",nutrition; health; labelling; diet,,2019.0,,Balanced and sufficient diets for all EU citizens,Reduced economic and social burden of diet related diseases,Consumers,Regulation and self-regulation,Food industry,UK,National,UK department of Health,https://assets.publishing.service.gov.uk/government/uploads/system/uploads/attachment_data/file/781222/The_Nutrition_Amendment_-_consultation_response.pdf |  https://www.legislation.gov.uk/uksi/2019/651/pdfs/uksi_20190651_en.pdf | ,,"the nutrition (amendment etc.) (eu exit) regulations 2019 nutrition (amendment etc) (eu exit) regulations 2019 will remedy deficiencies in retained eu legislation. this will ensure that nutrition law continues to function effectively in governing nutrition and health claims, the addition of vitamins, minerals and other substances to foods, and the composition and labelling of foods for specific groups and food supplements, following the uk’s withdrawal from the eu. the deficiencies in retained eu law will be fixed on a ukwide basis. the regulations also amend domestic legislation in england so that it too is effective after exit. scotland, wales and northern ireland will make legislation to fix deficiencies in their respective domestic legislation. nutrition; health; labelling; diet balanced and sufficient diets for all eu citizens reduced economic and social burden of diet related diseases",True
491,Nourishing,The Nutrition and Health Claims,"Regulation 1924/2006 establishes EU-wide rules on the use of specified nutrition claims. A nutrition claim is any claim which states, suggests or implies that a food has particular beneficial nutritional properties due to the presence, absence, increased or reduced levels of energy or of a particular nutrient or other substance, and includes claims such as “source of calcium”, “low fat”, “high fibre” and “reduced salt”. The regulation entered into force in the EU in 2007. The body responsible with its implementation in the UK is the Foods Standards Agency (FSA). In England, responsibility for legislation on nutrition and health claims in England transferred from the FSA to the Department Health on 1 October 2010.   In theory, nutrition claims may only be used on food defined as ""healthy"" by a nutrient profile.  Article 4 of the EU regulation states that nutritional profiles should be established before 2009 in order to lay down guidelines on which foods and / or food groups should be marketed with nutrition and health claims and which should not. This nutrient profiling restriction was due to be implemented in 2010 but no model has yet been established as of 2020. Therefore, permitted nutrition claims can be used as long as the conditions for use of the claim, as set out in the Regulation's annex, are met.",nutrition; labelling; energy; fat; sugar; salt; health; products; foodstuff; obesity; claim,,2010.0,,Balanced and sufficient diets for all EU citizens,Reduced economic and social burden of diet related diseases,Consumers,Food and agricultural standards (voluntary),Food industry,UK,National,UK Food Standards Agency,https://www.legislation.gov.uk/uksi/2010/1768/contents/made,,"the nutrition and health claims regulation 1924/2006 establishes eu-wide rules on the use of specified nutrition claims. a nutrition claim is any claim which states, suggests or implies that a food has particular beneficial nutritional properties due to the presence, absence, increased or reduced levels of energy or of a particular nutrient or other substance, and includes claims such as “source of calcium”, “low fat”, “high fibre” and “reduced salt”. the regulation entered into force in the eu in 2007. the body responsible with its implementation in the uk is the foods standards agency (fsa). in england, responsibility for legislation on nutrition and health claims in england transferred from the fsa to the department health on 1 october 2010.   in theory, nutrition claims may only be used on food defined as ""healthy"" by a nutrient profile.  article 4 of the eu regulation states that nutritional profiles should be established before 2009 in order to lay down guidelines on which foods and / or food groups should be marketed with nutrition and health claims and which should not. this nutrient profiling restriction was due to be implemented in 2010 but no model has yet been established as of 2020. therefore, permitted nutrition claims can be used as long as the conditions for use of the claim, as set out in the regulation's annex, are met. nutrition; labelling; energy; fat; sugar; salt; health; products; foodstuff; obesity; claim balanced and sufficient diets for all eu citizens reduced economic and social burden of diet related diseases",True
64,Nourishing,The Nutritional Requirements for Food and Drink in Schools,School meals requirements.,children; foodstuff; obesity; overweight; diet; education; canteen; food services; awareness; health; control;,,2008.0,2008.0,Balanced and sufficient diets for all EU citizens,Reduced economic and social burden of diet related diseases,Consumers,Food and agricultural standards,School food services,UK-Scotland,National,"Food Standards Scotland, NHS Health Scotland and Education Scotland",https://www.legislation.gov.uk/ssi/2008/265/contents/made,,the nutritional requirements for food and drink in schools school meals requirements. children; foodstuff; obesity; overweight; diet; education; canteen; food services; awareness; health; control; balanced and sufficient diets for all eu citizens reduced economic and social burden of diet related diseases,True
502,Nourishing,The One You Campaign,"In 2016, Public Health England has launched the One You campaign, which has the overarching aim of enabling individuals to make better choices that can impact their health. With regards to nutrition, the One You campaign is directed at adults and helping them to be more calorie-aware. For weight management, it encourages people to follow a simple rule of thumb: 400-600-600 – the number of calories to aim for at breakfast, lunch and dinner, leaving room for a couple of healthier snacks and drinks. It is also accompanied by an app named Easy Meals, which can be used to search healthy recipes and shopping lists.",nutrition; health; awareness; diet; recommendation,,2016.0,,Balanced and sufficient diets for all EU citizens,Reduced economic and social burden of diet related diseases,Consumers,Information measure,Consumers |  Food industry |,UK,National,UK Public Health England,https://ukhsa.blog.gov.uk/2016/03/07/one-you-a-step-towards-better-health-and-more-sustainable-services/,,"the one you campaign in 2016, public health england has launched the one you campaign, which has the overarching aim of enabling individuals to make better choices that can impact their health. with regards to nutrition, the one you campaign is directed at adults and helping them to be more calorie-aware. for weight management, it encourages people to follow a simple rule of thumb: 400-600-600 – the number of calories to aim for at breakfast, lunch and dinner, leaving room for a couple of healthier snacks and drinks. it is also accompanied by an app named easy meals, which can be used to search healthy recipes and shopping lists. nutrition; health; awareness; diet; recommendation balanced and sufficient diets for all eu citizens reduced economic and social burden of diet related diseases",True
494,Nourishing,The Salt Partnership,"As part of the Letter of Intent on Facilitating a Healthier Diet, health authorities have established the Salt Partnership in collaboration with the Food industry, catering and restaurant industry and other research and interest groups in 2015. The principal objective of the Salt Partnership is to implement the process of reducing salt in foods and served dishes to achieve a 15% reduction in the population salt intake (to 8.5g/day) by 2018, 20% (to 8g/day) by 2021 and 30% (to 7g/day) by 2025. The partnership includes a series of standards that aim to reduce the population salt intake. As such, the partnership set recommended targets for salt content in about 100 food categories, such as bread, meat, fish, dairy as well as specific products (ready-made meals, salad dressing, flavourings, sauces, salads, pastries, snacks and preserved foods). The Salt Partnership has been extended to 31 December 2021. New targets for salt content in foods are set to meet the target of 8g of salt per day in the population.",nutrition; salt; foodstuff; energy; health; diet; recommendation; prevention; awareness; partnership,,2014.0,2025.0,Balanced and sufficient diets for all EU citizens,Reduced economic and social burden of diet related diseases,Consumers,Food and agricultural standards (voluntary),Food industry,Norway,National,Norwegian Directorate of Health,https://www.helsedirektoratet.no/english/salt-and-the-salt-partnership,,"the salt partnership as part of the letter of intent on facilitating a healthier diet, health authorities have established the salt partnership in collaboration with the food industry, catering and restaurant industry and other research and interest groups in 2015. the principal objective of the salt partnership is to implement the process of reducing salt in foods and served dishes to achieve a 15% reduction in the population salt intake (to 8.5g/day) by 2018, 20% (to 8g/day) by 2021 and 30% (to 7g/day) by 2025. the partnership includes a series of standards that aim to reduce the population salt intake. as such, the partnership set recommended targets for salt content in about 100 food categories, such as bread, meat, fish, dairy as well as specific products (ready-made meals, salad dressing, flavourings, sauces, salads, pastries, snacks and preserved foods). the salt partnership has been extended to 31 december 2021. new targets for salt content in foods are set to meet the target of 8g of salt per day in the population. nutrition; salt; foodstuff; energy; health; diet; recommendation; prevention; awareness; partnership balanced and sufficient diets for all eu citizens reduced economic and social burden of diet related diseases",True
465,Nourishing,The School Lunch Program,"""The School Lunch program” is run by the Ministry of Labour and provides hot lunches to children in primary schools. The meals are designed according to the national dietary guidelines, in order to help children adopt healthy eating habits, and not only to address the food insecurity problem.",children; canteen; health; security; school meal; education; diet; nutrition,,2020.0,,Balanced and sufficient diets for all EU citizens,Reduced economic and social burden of diet related diseases,Consumers,Delivery of services,School food services,Greece,National,Greek Ministry of Labour and Food Services Department,https://www.greececsd.org/Page/525,,"the school lunch program ""the school lunch program” is run by the ministry of labour and provides hot lunches to children in primary schools. the meals are designed according to the national dietary guidelines, in order to help children adopt healthy eating habits, and not only to address the food insecurity problem. children; canteen; health; security; school meal; education; diet; nutrition balanced and sufficient diets for all eu citizens reduced economic and social burden of diet related diseases",True
520,Nourishing,The Slovenian Healthy School Network,"The National Institute of Public Health (NIJZ) coordinates the implementation of the Slovenian Health School Network, which includes an integrated approach to nutrition education whereby nutrition education is integrated in existing classes and activities within the school. Schools participate in this programme on voluntary basis and the programme is open to both primary and secondary schools. Recently added",nutrition; education; schools; voluntary,,2020.0,,Balanced and sufficient diets for all EU citizens,Reduced economic and social burden of diet related diseases,Society at large,Education measure,Education sector,Slovenia,National,National Institute of Public Health (NIJZ),https://ec.europa.eu/health/ph_projects/2004/action3/docs/2004_3_7_3_en.pdf |  https://www.schoolsforhealth.org/sites/default/files/editor/mapping/slovenia-monitoring-2020.pdf | ,,"the slovenian healthy school network the national institute of public health (nijz) coordinates the implementation of the slovenian health school network, which includes an integrated approach to nutrition education whereby nutrition education is integrated in existing classes and activities within the school. schools participate in this programme on voluntary basis and the programme is open to both primary and secondary schools. recently added nutrition; education; schools; voluntary balanced and sufficient diets for all eu citizens reduced economic and social burden of diet related diseases",True
496,Nourishing,The Sugar Reduction Programme,"The Sugar Reduction Programme challenges all sectors of the Food industry – retailers, manufacturers, and the eating out of home sector (for example, restaurants, pubs and cafes) - to reduce sugar by 20% by 2020 in the categories of food that contribute most to the sugar intakes of children aged up to 18 years, including a 5% reduction in the first year of the programme.",health; nutrition; diet; sugar; awareness; children; restaurant; retail,,2016.0,2021.0,Balanced and sufficient diets for all EU citizens,Reduced economic and social burden of diet related diseases,Consumers,Food and agricultural standards (voluntary),Food industry,UK,National,UK Public Health England,https://assets.publishing.service.gov.uk/media/6388cd71d3bf7f328c0ded27/Sugar-reduction-and-reformulation-progress-report-2015-to-2020.pdf,,"the sugar reduction programme the sugar reduction programme challenges all sectors of the food industry – retailers, manufacturers, and the eating out of home sector (for example, restaurants, pubs and cafes) - to reduce sugar by 20% by 2020 in the categories of food that contribute most to the sugar intakes of children aged up to 18 years, including a 5% reduction in the first year of the programme. health; nutrition; diet; sugar; awareness; children; restaurant; retail balanced and sufficient diets for all eu citizens reduced economic and social burden of diet related diseases",True
396,Other,Third Health Programme,funding instrument to support cooperation among EU countries and underpin and develop EU health activities,fund; aid; cooperation; international; transnational;,,2014.0,2020.0,Balanced and sufficient diets for all EU citizens,Reduced economic and social burden of diet related diseases,Consumers,R&I economic,Public Authorities,EU,Supra-national,"Consumers, Health, Agriculture and Food Executive Agency (Chafea)",https://ec.europa.eu/health/funding/programme_en |  https://ec.europa.eu/info/research-and-innovation/funding/funding-opportunities/funding-programmes-and-open-calls_en | ,,third health programme funding instrument to support cooperation among eu countries and underpin and develop eu health activities fund; aid; cooperation; international; transnational; balanced and sufficient diets for all eu citizens reduced economic and social burden of diet related diseases,True
438,SCAR,Together for consumers,"Voluntary commitmens that the food producers can join, e.g. they will significantly reduce the salt, fat and/or caloric content of their products, they will advertise in a responsible way.",recommendation; guidelines; food chain; consumer; retail; nutrition; health; diet; obesity; prevention; malnutrition;,,,,Balanced and sufficient diets for all EU citizens,Reduced economic and social burden of diet related diseases,Consumers,Food and agricultural standards (voluntary),Food industry,Hungary,National,Hungarian Association of Food Manufacturers (ÉFOSZ),http://egyuttafogyasztokert.hu/rolunk/ |  http://egyuttafogyasztokert.hu/vallalasaink/ | ,,"together for consumers voluntary commitmens that the food producers can join, e.g. they will significantly reduce the salt, fat and/or caloric content of their products, they will advertise in a responsible way. recommendation; guidelines; food chain; consumer; retail; nutrition; health; diet; obesity; prevention; malnutrition; balanced and sufficient diets for all eu citizens reduced economic and social burden of diet related diseases",True
208,SCAR,Too good for the bin,It has the objective to reach as many consumers as possible and reduce food waste with joint effort along the entire chain.,loss; house; prevention; fruit; vegetable; storage; conservation; discard; leftover; dairy; beverage; perish; meat; fish; campaign; awareness; information;,,2012.0,2012.0,Reduced environmental impact,Resource efficiency and waste management,Society at large,Information measure,Consumers,Germany,National,German Federal Ministry of Food and Agriculture,https://www.agvu.de/en/too-good-for-the-bin-initiative-434/ |  https://www.zugutfuerdietonne.de/navigation/sub-footer-navigation/english | ,,too good for the bin it has the objective to reach as many consumers as possible and reduce food waste with joint effort along the entire chain. loss; house; prevention; fruit; vegetable; storage; conservation; discard; leftover; dairy; beverage; perish; meat; fish; campaign; awareness; information; reduced environmental impact resource efficiency and waste management,True
101,Nourishing,Trans fat ban,Ban of industrially-produced trans fats,ban; nutrition; lifestyle; health; disincentive; duty; excise; junk food;,,2003.0,2003.0,Balanced and sufficient diets for all EU citizens,Reduced economic and social burden of diet related diseases,Consumers,Regulation and self-regulation,Food industry,Denmark,National,Danish government,https://www.wcrf.org/int/policy/nourishing-database,,trans fat ban ban of industrially-produced trans fats ban; nutrition; lifestyle; health; disincentive; duty; excise; junk food; balanced and sufficient diets for all eu citizens reduced economic and social burden of diet related diseases,True
477,Nourishing,Trans-fat EU Regulation,"Regulation (EU) 2019/649 of 24 April 2019 mandates that the content of trans fat, other than trans fat naturally occurring in fat of animal origin, in food intended for the final consumer and food intended for supply to retail, shall not exceed 2 grams per 100 grams of fat. The regulation entered into force in April 2021.",trans; fat; junk food; health; obesity; prevention; awareness; retail,,2021.0,,Food safety,Reduced economic and social burden of food-borne diseases,Consumers,Regulation and self-regulation,Food industry,EU,Supra-national,EC,https://eur-lex.europa.eu/legal-content/EN/TXT/?uri=CELEX%3A32019R0649,,"trans-fat eu regulation regulation (eu) 2019/649 of 24 april 2019 mandates that the content of trans fat, other than trans fat naturally occurring in fat of animal origin, in food intended for the final consumer and food intended for supply to retail, shall not exceed 2 grams per 100 grams of fat. the regulation entered into force in april 2021. trans; fat; junk food; health; obesity; prevention; awareness; retail food safety reduced economic and social burden of food-borne diseases",True
100,Nourishing,Trans-fatty acids regulation,It is prohibited to produce or place on the market foods containing more than 2g / 100g of trans fatty acids in total fat.,ban; nutrition; lifestyle; health; disincentive; duty; excise; junk food;,,2009.0,2009.0,Balanced and sufficient diets for all EU citizens,Reduced economic and social burden of diet related diseases,Consumers,Regulation and self-regulation,Food industry,Austria,National,Austrian Federal Minister of Health,https://www.ris.bka.gv.at/GeltendeFassung.wxe?Abfrage=Bundesnormen&Gesetzesnummer=20006420 |  https://www.sozialversicherung.at/cdscontent/?portal=forumgesundheitportal&contentid=10007.688460&viewmode=content&portal:componentId=gtn8bd22a65-38a5-4975-ace1-084644e4de2e | ,,trans-fatty acids regulation it is prohibited to produce or place on the market foods containing more than 2g / 100g of trans fatty acids in total fat. ban; nutrition; lifestyle; health; disincentive; duty; excise; junk food; balanced and sufficient diets for all eu citizens reduced economic and social burden of diet related diseases,True
253,SCAR,Vegetable protein plan,Long-term commitment to the development of leguminous crops to improve the environmental and economic performance of French agriculture,legume; protein; plant; nitrogen; soil; fertilisation; integrated;,,2014.0,2020.0,Viable and socially balanced EU agri-food business,Competitiveness,Farmers,R&I economic,Farmers,France,National,French Ministry of Agriculture and Food,http://agriculture.gouv.fr/le-plan-proteines-vegetales-pour-la-france-2014-2020,,vegetable protein plan long-term commitment to the development of leguminous crops to improve the environmental and economic performance of french agriculture legume; protein; plant; nitrogen; soil; fertilisation; integrated; viable and socially balanced eu agri-food business competitiveness,True
489,Nourishing,Voluntary guidelines on workplace food,"In 2014, the Norwegian Directorate of Health translates its dietary guidelines (see ""I–Inform people about food and nutrition through public awareness"") for workplaces, by making recommendations about food served in work canteens and food catered at meetings. The Norwegian Directorate of Health and the Norwegian Food Safety Authority jointly developed The Diet Planner, a free online calculation tool for the analysis and planning of diet or meals (kostholdsplanleggeren.no), which they recommend for workplace canteens to use when planning meals in workplaces.",workplace; foodstuff; marketing; obesity; overweight; diet; education; canteen; food services; recommendation; health;,,2014.0,2014.0,Balanced and sufficient diets for all EU citizens,Reduced economic and social burden of diet related diseases,Consumers,Food and agricultural standards (voluntary),Food industry |  Food services |,Norway,National,Norwegian Directorate of Health,,,"voluntary guidelines on workplace food in 2014, the norwegian directorate of health translates its dietary guidelines (see ""i–inform people about food and nutrition through public awareness"") for workplaces, by making recommendations about food served in work canteens and food catered at meetings. the norwegian directorate of health and the norwegian food safety authority jointly developed the diet planner, a free online calculation tool for the analysis and planning of diet or meals (kostholdsplanleggeren.no), which they recommend for workplace canteens to use when planning meals in workplaces. workplace; foodstuff; marketing; obesity; overweight; diet; education; canteen; food services; recommendation; health; balanced and sufficient diets for all eu citizens reduced economic and social burden of diet related diseases",True
498,Nourishing,Voluntary salt reduction targets 2024,"Public Health England (PHE) oversees the voluntary reduction and wider reformulation programme on behalf of UK government. It forms part of the commitments included in all chapters of the Childhood Obesity Plan (2016 & 2018), Prevention Green Paper (2019) and Tackling Obesity policy paper (2020). The salt reduction programme challenges all sectors of the Food industry to reduce the salt content of food. The programme was designed to achieve a gradual reduction by setting a series of targets for the Food industry to meet. Prior to 2017, when salt reduction became part of the voluntary reduction and wider reformulation programme that PHE oversees, 4 sets of voluntary salt reduction targets for individual categories of food have been published (in 2006, 2009, 2011 and 2014).  PHE has recently published the latest set of revised salt reduction targets, for industry to achieve by 2024. The main 2024 salt reduction targets apply to 28 broad product categories comprising 84 sub-categories of food and drink. There are also separate salt reduction targets set per serving specifically for businesses that provide the meals that we buy and eat out of the home, takeaway or have delivered to the home.",nutrition; salt; foodstuff; health; diet; recommendation; prevention; awareness; restaurant; delivery,,2020.0,2024.0,Balanced and sufficient diets for all EU citizens,Reduced economic and social burden of diet related diseases,Consumers,Food and agricultural standards (voluntary),Food industry,UK,National,UK Public Health England,https://assets.publishing.service.gov.uk/government/uploads/system/uploads/attachment_data/file/915406/2024_salt_reduction_targets_070920-FINAL-1.pdf,,"voluntary salt reduction targets 2024 public health england (phe) oversees the voluntary reduction and wider reformulation programme on behalf of uk government. it forms part of the commitments included in all chapters of the childhood obesity plan (2016 & 2018), prevention green paper (2019) and tackling obesity policy paper (2020). the salt reduction programme challenges all sectors of the food industry to reduce the salt content of food. the programme was designed to achieve a gradual reduction by setting a series of targets for the food industry to meet. prior to 2017, when salt reduction became part of the voluntary reduction and wider reformulation programme that phe oversees, 4 sets of voluntary salt reduction targets for individual categories of food have been published (in 2006, 2009, 2011 and 2014).  phe has recently published the latest set of revised salt reduction targets, for industry to achieve by 2024. the main 2024 salt reduction targets apply to 28 broad product categories comprising 84 sub-categories of food and drink. there are also separate salt reduction targets set per serving specifically for businesses that provide the meals that we buy and eat out of the home, takeaway or have delivered to the home. nutrition; salt; foodstuff; health; diet; recommendation; prevention; awareness; restaurant; delivery balanced and sufficient diets for all eu citizens reduced economic and social burden of diet related diseases",True
4,Nourishing,Warning labels on high-salt food,compulsory labels on high-salt food. Each food category has a cutoff for percentage of salt above which the product is labelled as high salt content,ban; nutrition; lifestyle; health; disincentive; duty; excise; control; foodstuff;,,1993.0,1993.0,Balanced and sufficient diets for all EU citizens,Reduced economic and social burden of diet related diseases,Consumers,Labelling measure,Food industry,Finland,National,Finnish Ministry of social affairs and health,http://stm.fi/en/frontpage,,warning labels on high-salt food compulsory labels on high-salt food. each food category has a cutoff for percentage of salt above which the product is labelled as high salt content ban; nutrition; lifestyle; health; disincentive; duty; excise; control; foodstuff; balanced and sufficient diets for all eu citizens reduced economic and social burden of diet related diseases,True
